Info,This file will be used to set plot size,,,,
Info,"As csv file, formulas will not be kept, for this reasi“on are reported above the column in case of modifications",,,,
Info,,,,,
Info,,,,,
Data,RowNo,AreaSide,TextSize,Correction,Formula
Data,1,20,20,,
Data,2,20,20,,
Data,3,20,20,,
Data,4,20,20,,
Data,5,20,20,,
Data,6,20,20,,
Data,7,20,20,,
Data,8,20,20,,
Data,9,20,20,,
Data,10,20,20,,
Data,11,20,19.45,0.05,#=B16*E16
Data,12,20,19.4,0.05,
Data,13,20,19.35,0.05,
Data,14,20,19.3,0.05,
Data,15,20,19.25,0.05,
Data,16,20,19.2,0.05,
Data,17,20,19.15,0.05,
Data,18,20,19.1,0.05,
Data,19,20,19.05,0.05,
Data,20,20,18,0.1,
Data,21,20,17.9,0.1,
Data,22,20,17.8,0.1,
Data,23,20,17.7,0.1,
Data,24,20,17.6,0.1,
Data,25,20,17.5,0.1,
Data,26,20,17.4,0.1,
Data,27,20,17.3,0.1,
Data,28,20,17.2,0.1,
Data,29,20,17.1,0.1,
Data,30,20,15.5,0.15,
Data,31,20,15.35,0.15,
Data,32,20,15.2,0.15,
Data,33,20,15.05,0.15,
Data,34,20,14.9,0.15,
Data,35,20,14.75,0.15,
Data,36,20,14.6,0.15,
Data,37,20,14.45,0.15,
Data,38,20,14.3,0.15,
Data,39,20,14.15,0.15,
Data,40,20,16,0.1,
Data,41,20.5,15.9,0.1,
Data,42,21,15.8,0.1,
Data,43,21.5,15.7,0.1,
Data,44,22,15.6,0.1,
Data,45,22.5,15.5,0.1,
Data,46,23,15.4,0.1,
Data,47,23.5,15.3,0.1,
Data,48,24,15.2,0.1,
Data,49,24.5,15.1,0.1,
Data,50,25,15,0.1,
Data,51,25.5,17.45,0.05,
Data,52,26,17.4,0.05,
Data,53,26.5,17.35,0.05,
Data,54,27,17.3,0.05,
Data,55,27.5,17.25,0.05,
Data,56,28,17.2,0.05,
Data,57,28.5,17.15,0.05,
Data,58,29,17.1,0.05,
Data,59,29.5,17.05,0.05,
Data,60,30,17,0.05,
Data,61,30.5,16.95,0.05,
Data,62,31,16.9,0.05,
Data,63,31.5,16.85,0.05,
Data,64,32,16.8,0.05,
Data,65,32.5,16.75,0.05,
Data,66,33,16.7,0.05,
Data,67,33.5,16.65,0.05,
Data,68,34,16.6,0.05,
Data,69,34.5,16.55,0.05,
Data,70,35,16.5,0.05,
Data,71,35.5,16.45,0.05,
Data,72,36,16.4,0.05,
Data,73,36.5,16.35,0.05,
Data,74,37,16.3,0.05,
Data,75,37.5,16.25,0.05,
Data,76,38,16.2,0.05,
Data,77,38.5,16.15,0.05,
Data,78,39,16.1,0.05,
Data,79,39.5,16.05,0.05,
Data,80,40,17.6,0.03,
Data,81,40.5,17.57,0.03,
Data,82,41,17.54,0.03,
Data,83,41.5,17.51,0.03,
Data,84,42,17.48,0.03,
Data,85,42.5,17.45,0.03,
Data,86,43,17.42,0.03,
Data,87,43.5,17.39,0.03,
Data,88,44,17.36,0.03,
Data,89,44.5,17.33,0.03,
Data,90,45,17.3,0.03,
Data,91,45.5,17.27,0.03,
Data,92,46,17.24,0.03,
Data,93,46.5,17.21,0.03,
Data,94,47,17.18,0.03,
Data,95,47.5,17.15,0.03,
Data,96,48,17.12,0.03,
Data,97,48.5,17.09,0.03,
Data,98,49,17.06,0.03,
Data,99,49.5,17.03,0.03,
Data,100,50,18,0.02,
Data,101,50.5,17.98,0.02,
Data,102,51,17.96,0.02,
Data,103,51.5,17.94,0.02,
Data,104,52,17.92,0.02,
Data,105,52.5,17.9,0.02,
Data,106,53,17.88,0.02,
Data,107,53.5,17.86,0.02,
Data,108,54,17.84,0.02,
Data,109,54.5,17.82,0.02,
Data,110,55,17.8,0.02,
Data,111,55.5,17.78,0.02,
Data,112,56,17.76,0.02,
Data,113,56.5,17.74,0.02,
Data,114,57,17.72,0.02,
Data,115,57.5,17.7,0.02,
Data,116,58,17.68,0.02,
Data,117,58.5,17.66,0.02,
Data,118,59,17.64,0.02,
Data,119,59.5,17.62,0.02,
Data,120,60,17.6,0.02,
Data,121,60.5,17.58,0.02,
Data,122,61,17.56,0.02,
Data,123,61.5,17.54,0.02,
Data,124,62,17.52,0.02,
Data,125,62.5,17.5,0.02,
Data,126,63,17.48,0.02,
Data,127,63.5,17.46,0.02,
Data,128,64,17.44,0.02,
Data,129,64.5,17.42,0.02,
Data,130,65,17.4,0.02,
Data,131,65.5,17.38,0.02,
Data,132,66,17.36,0.02,
Data,133,66.5,17.34,0.02,
Data,134,67,17.32,0.02,
Data,135,67.5,17.3,0.02,
Data,136,68,17.28,0.02,
Data,137,68.5,17.26,0.02,
Data,138,69,17.24,0.02,
Data,139,69.5,17.22,0.02,
Data,140,70,17.2,0.02,
Data,141,70.5,17.18,0.02,
Data,142,71,17.16,0.02,
Data,143,71.5,17.14,0.02,
Data,144,72,17.12,0.02,
Data,145,72.5,17.1,0.02,
Data,146,73,17.08,0.02,
Data,147,73.5,17.06,0.02,
Data,148,74,17.04,0.02,
Data,149,74.5,17.02,0.02,
Data,150,75,17,,
Data,151,75.5,17,,
Data,152,76,17,,
Data,153,76.5,17,,
Data,154,77,17,,
Data,155,77.5,17,,
Data,156,78,17,,
Data,157,78.5,17,,
Data,158,79,17,,
Data,159,79.5,17,,
Data,160,80,17,,
Data,161,80.5,17,,
Data,162,81,17,,
Data,163,81.5,17,,
Data,164,82,17,,
Data,165,82.5,17,,
Data,166,83,17,,
Data,167,83.5,17,,
Data,168,84,17,,
Data,169,84.5,17,,
Data,170,85,17,,
Data,171,85.5,17,,
Data,172,86,17,,
Data,173,86.5,17,,
Data,174,87,17,,
Data,175,87.5,17,,
Data,176,88,17,,
Data,177,88.5,17,,
Data,178,89,17,,
Data,179,89.5,17,,
Data,180,90,17,,
Data,181,90.5,17,,
Data,182,91,17,,
Data,183,91.5,17,,
Data,184,92,17,,
Data,185,92.5,17,,
Data,186,93,17,,
Data,187,93.5,17,,
Data,188,94,17,,
Data,189,94.5,17,,
Data,190,95,17,,
Data,191,95.5,17,,
Data,192,96,17,,
Data,193,96.5,17,,
Data,194,97,17,,
Data,195,97.5,17,,
Data,196,98,17,,
Data,197,98.5,17,,
Data,198,99,17,,
Data,199,99.5,17,,
Data,200,100,17,,
Data,201,100.5,17,,
Data,202,101,17,,
Data,203,101.5,17,,
Data,204,102,17,,
Data,205,102.5,17,,
Data,206,103,17,,
Data,207,103.5,17,,
Data,208,104,17,,
Data,209,104.5,17,,
Data,210,105,17,,
Data,211,105.5,17,,
Data,212,106,17,,
Data,213,106.5,17,,
Data,214,107,17,,
Data,215,107.5,17,,
Data,216,108,17,,
Data,217,108.5,17,,
Data,218,109,17,,
Data,219,109.5,17,,
Data,220,110,17,,
Data,221,110.5,17,,
Data,222,111,17,,
Data,223,111.5,17,,
Data,224,112,17,,
Data,225,112.5,17,,
Data,226,113,17,,
Data,227,113.5,17,,
Data,228,114,17,,
Data,229,114.5,17,,
Data,230,115,17,,
Data,231,115.5,17,,
Data,232,116,17,,
Data,233,116.5,17,,
Data,234,117,17,,
Data,235,117.5,17,,
Data,236,118,17,,
Data,237,118.5,17,,
Data,238,119,17,,
Data,239,119.5,17,,
Data,240,120,17,,
Data,241,120.5,17,,
Data,242,121,17,,
Data,243,121.5,17,,
Data,244,122,17,,
Data,245,122.5,17,,
Data,246,123,17,,
Data,247,123.5,17,,
Data,248,124,17,,
Data,249,124.5,17,,
Data,250,125,17,,
Data,251,125.5,17,,
Data,252,126,17,,
Data,253,126.5,17,,
Data,254,127,17,,
Data,255,127.5,17,,
Data,256,128,17,,
Data,257,128.5,17,,
Data,258,129,17,,
Data,259,129.5,17,,
Data,260,130,17,,
Data,261,130.5,17,,
Data,262,131,17,,
Data,263,131.5,17,,
Data,264,132,17,,
Data,265,132.5,17,,
Data,266,133,17,,
Data,267,133.5,17,,
Data,268,134,17,,
Data,269,134.5,17,,
Data,270,135,17,,
Data,271,135.5,17,,
Data,272,136,17,,
Data,273,136.5,17,,
Data,274,137,17,,
Data,275,137.5,17,,
Data,276,138,17,,
Data,277,138.5,17,,
Data,278,139,17,,
Data,279,139.5,17,,
Data,280,140,17,,
Data,281,140.5,17,,
Data,282,141,17,,
Data,283,141.5,17,,
Data,284,142,17,,
Data,285,142.5,17,,
Data,286,143,17,,
Data,287,143.5,17,,
Data,288,144,17,,
Data,289,144.5,17,,
Data,290,145,17,,
Data,291,145.5,17,,
Data,292,146,17,,
Data,293,146.5,17,,
Data,294,147,17,,
Data,295,147.5,17,,
Data,296,148,17,,
Data,297,148.5,17,,
Data,298,149,17,,
Data,299,149.5,17,,
Data,300,150,17,,
Data,301,150.5,17,,
Data,302,151,17,,
Data,303,151.5,17,,
Data,304,152,17,,
Data,305,152.5,17,,
Data,306,153,17,,
Data,307,153.5,17,,
Data,308,154,17,,
Data,309,154.5,17,,
Data,310,155,17,,
Data,311,155.5,17,,
Data,312,156,17,,
Data,313,156.5,17,,
Data,314,157,17,,
Data,315,157.5,17,,
Data,316,158,17,,
Data,317,158.5,17,,
Data,318,159,17,,
Data,319,159.5,17,,
Data,320,160,17,,
Data,321,160.5,17,,
Data,322,161,17,,
Data,323,161.5,17,,
Data,324,162,17,,
Data,325,162.5,17,,
Data,326,163,17,,
Data,327,163.5,17,,
Data,328,164,17,,
Data,329,164.5,17,,
Data,330,165,17,,
Data,331,165.5,17,,
Data,332,166,17,,
Data,333,166.5,17,,
Data,334,167,17,,
Data,335,167.5,17,,
Data,336,168,17,,
Data,337,168.5,17,,
Data,338,169,17,,
Data,339,169.5,17,,
Data,340,170,17,,
Data,341,170.5,17,,
Data,342,171,17,,
Data,343,171.5,17,,
Data,344,172,17,,
Data,345,172.5,17,,
Data,346,173,17,,
Data,347,173.5,17,,
Data,348,174,17,,
Data,349,174.5,17,,
Data,350,175,17,,
Data,351,175.5,17,,
Data,352,176,17,,
Data,353,176.5,17,,
Data,354,177,17,,
Data,355,177.5,17,,
Data,356,178,17,,
Data,357,178.5,17,,
Data,358,179,17,,
Data,359,179.5,17,,
Data,360,180,17,,
Data,361,180.5,17,,
Data,362,181,17,,
Data,363,181.5,17,,
Data,364,182,17,,
Data,365,182.5,17,,
Data,366,183,17,,
Data,367,183.5,17,,
Data,368,184,17,,
Data,369,184.5,17,,
Data,370,185,17,,
Data,371,185.5,17,,
Data,372,186,17,,
Data,373,186.5,17,,
Data,374,187,17,,
Data,375,187.5,17,,
Data,376,188,17,,
Data,377,188.5,17,,
Data,378,189,17,,
Data,379,189.5,17,,
Data,380,190,17,,
Data,381,190.5,17,,
Data,382,191,17,,
Data,383,191.5,17,,
Data,384,192,17,,
Data,385,192.5,17,,
Data,386,193,17,,
Data,387,193.5,17,,
Data,388,194,17,,
Data,389,194.5,17,,
Data,390,195,17,,
Data,391,195.5,17,,
Data,392,196,17,,
Data,393,196.5,17,,
Data,394,197,17,,
Data,395,197.5,17,,
Data,396,198,17,,
Data,397,198.5,17,,
Data,398,199,17,,
Data,399,199.5,17,,
Data,400,200,17,,
Data,401,200.5,17,,
Data,402,201,17,,
Data,403,201.5,17,,
Data,404,202,17,,
Data,405,202.5,17,,
Data,406,203,17,,
Data,407,203.5,17,,
Data,408,204,17,,
Data,409,204.5,17,,
Data,410,205,17,,
Data,411,205.5,17,,
Data,412,206,17,,
Data,413,206.5,17,,
Data,414,207,17,,
Data,415,207.5,17,,
Data,416,208,17,,
Data,417,208.5,17,,
Data,418,209,17,,
Data,419,209.5,17,,
Data,420,210,17,,
Data,421,210.5,17,,
Data,422,211,17,,
Data,423,211.5,17,,
Data,424,212,17,,
Data,425,212.5,17,,
Data,426,213,17,,
Data,427,213.5,17,,
Data,428,214,17,,
Data,429,214.5,17,,
Data,430,215,17,,
Data,431,215.5,17,,
Data,432,216,17,,
Data,433,216.5,17,,
Data,434,217,17,,
Data,435,217.5,17,,
Data,436,218,17,,
Data,437,218.5,17,,
Data,438,219,17,,
Data,439,219.5,17,,
Data,440,220,17,,
Data,441,220.5,17,,
Data,442,221,17,,
Data,443,221.5,17,,
Data,444,222,17,,
Data,445,222.5,17,,
Data,446,223,17,,
Data,447,223.5,17,,
Data,448,224,17,,
Data,449,224.5,17,,
Data,450,225,17,,
Data,451,225.5,17,,
Data,452,226,17,,
Data,453,226.5,17,,
Data,454,227,17,,
Data,455,227.5,17,,
Data,456,228,17,,
Data,457,228.5,17,,
Data,458,229,17,,
Data,459,229.5,17,,
Data,460,230,17,,
Data,461,230.5,17,,
Data,462,231,17,,
Data,463,231.5,17,,
Data,464,232,17,,
Data,465,232.5,17,,
Data,466,233,17,,
Data,467,233.5,17,,
Data,468,234,17,,
Data,469,234.5,17,,
Data,470,235,17,,
Data,471,235.5,17,,
Data,472,236,17,,
Data,473,236.5,17,,
Data,474,237,17,,
Data,475,237.5,17,,
Data,476,238,17,,
Data,477,238.5,17,,
Data,478,239,17,,
Data,479,239.5,17,,
Data,480,240,17,,
Data,481,240.5,17,,
Data,482,241,17,,
Data,483,241.5,17,,
Data,484,242,17,,
Data,485,242.5,17,,
Data,486,243,17,,
Data,487,243.5,17,,
Data,488,244,17,,
Data,489,244.5,17,,
Data,490,245,17,,
Data,491,245.5,17,,
Data,492,246,17,,
Data,493,246.5,17,,
Data,494,247,17,,
Data,495,247.5,17,,
Data,496,248,17,,
Data,497,248.5,17,,
Data,498,249,17,,
Data,499,249.5,17,,
Data,500,250,17,,
Data,501,250.5,17,,
Data,502,251,17,,
Data,503,251.5,17,,
Data,504,252,17,,
Data,505,252.5,17,,
Data,506,253,17,,
Data,507,253.5,17,,
Data,508,254,17,,
Data,509,254.5,17,,
Data,510,255,17,,
Data,511,255.5,17,,
Data,512,256,17,,
Data,513,256.5,17,,
Data,514,257,17,,
Data,515,257.5,17,,
Data,516,258,17,,
Data,517,258.5,17,,
Data,518,259,17,,
Data,519,259.5,17,,
Data,520,260,17,,
Data,521,260.5,17,,
Data,522,261,17,,
Data,523,261.5,17,,
Data,524,262,17,,
Data,525,262.5,17,,
Data,526,263,17,,
Data,527,263.5,17,,
Data,528,264,17,,
Data,529,264.5,17,,
Data,530,265,17,,
Data,531,265.5,17,,
Data,532,266,17,,
Data,533,266.5,17,,
Data,534,267,17,,
Data,535,267.5,17,,
Data,536,268,17,,
Data,537,268.5,17,,
Data,538,269,17,,
Data,539,269.5,17,,
Data,540,270,17,,
Data,541,270.5,17,,
Data,542,271,17,,
Data,543,271.5,17,,
Data,544,272,17,,
Data,545,272.5,17,,
Data,546,273,17,,
Data,547,273.5,17,,
Data,548,274,17,,
Data,549,274.5,17,,
Data,550,275,17,,
Data,551,275.5,17,,
Data,552,276,17,,
Data,553,276.5,17,,
Data,554,277,17,,
Data,555,277.5,17,,
Data,556,278,17,,
Data,557,278.5,17,,
Data,558,279,17,,
Data,559,279.5,17,,
Data,560,280,17,,
Data,561,280.5,17,,
Data,562,281,17,,
Data,563,281.5,17,,
Data,564,282,17,,
Data,565,282.5,17,,
Data,566,283,17,,
Data,567,283.5,17,,
Data,568,284,17,,
Data,569,284.5,17,,
Data,570,285,17,,
Data,571,285.5,17,,
Data,572,286,17,,
Data,573,286.5,17,,
Data,574,287,17,,
Data,575,287.5,17,,
Data,576,288,17,,
Data,577,288.5,17,,
Data,578,289,17,,
Data,579,289.5,17,,
Data,580,290,17,,
Data,581,290.5,17,,
Data,582,291,17,,
Data,583,291.5,17,,
Data,584,292,17,,
Data,585,292.5,17,,
Data,586,293,17,,
Data,587,293.5,17,,
Data,588,294,17,,
Data,589,294.5,17,,
Data,590,295,17,,
Data,591,295.5,17,,
Data,592,296,17,,
Data,593,296.5,17,,
Data,594,297,17,,
Data,595,297.5,17,,
Data,596,298,17,,
Data,597,298.5,17,,
Data,598,299,17,,
Data,599,299.5,17,,
Data,600,300,17,,
Data,601,300.5,17,,
Data,602,301,17,,
Data,603,301.5,17,,
Data,604,302,17,,
Data,605,302.5,17,,
Data,606,303,17,,
Data,607,303.5,17,,
Data,608,304,17,,
Data,609,304.5,17,,
Data,610,305,17,,
Data,611,305.5,17,,
Data,612,306,17,,
Data,613,306.5,17,,
Data,614,307,17,,
Data,615,307.5,17,,
Data,616,308,17,,
Data,617,308.5,17,,
Data,618,309,17,,
Data,619,309.5,17,,
Data,620,310,17,,
Data,621,310.5,17,,
Data,622,311,17,,
Data,623,311.5,17,,
Data,624,312,17,,
Data,625,312.5,17,,
Data,626,313,17,,
Data,627,313.5,17,,
Data,628,314,17,,
Data,629,314.5,17,,
Data,630,315,17,,
Data,631,315.5,17,,
Data,632,316,17,,
Data,633,316.5,17,,
Data,634,317,17,,
Data,635,317.5,17,,
Data,636,318,17,,
Data,637,318.5,17,,
Data,638,319,17,,
Data,639,319.5,17,,
Data,640,320,17,,
Data,641,320.5,17,,
Data,642,321,17,,
Data,643,321.5,17,,
Data,644,322,17,,
Data,645,322.5,17,,
Data,646,323,17,,
Data,647,323.5,17,,
Data,648,324,17,,
Data,649,324.5,17,,
Data,650,325,17,,
Data,651,325.5,17,,
Data,652,326,17,,
Data,653,326.5,17,,
Data,654,327,17,,
Data,655,327.5,17,,
Data,656,328,17,,
Data,657,328.5,17,,
Data,658,329,17,,
Data,659,329.5,17,,
Data,660,330,17,,
Data,661,330.5,17,,
Data,662,331,17,,
Data,663,331.5,17,,
Data,664,332,17,,
Data,665,332.5,17,,
Data,666,333,17,,
Data,667,333.5,17,,
Data,668,334,17,,
Data,669,334.5,17,,
Data,670,335,17,,
Data,671,335.5,17,,
Data,672,336,17,,
Data,673,336.5,17,,
Data,674,337,17,,
Data,675,337.5,17,,
Data,676,338,17,,
Data,677,338.5,17,,
Data,678,339,17,,
Data,679,339.5,17,,
Data,680,340,17,,
Data,681,340.5,17,,
Data,682,341,17,,
Data,683,341.5,17,,
Data,684,342,17,,
Data,685,342.5,17,,
Data,686,343,17,,
Data,687,343.5,17,,
Data,688,344,17,,
Data,689,344.5,17,,
Data,690,345,17,,
Data,691,345.5,17,,
Data,692,346,17,,
Data,693,346.5,17,,
Data,694,347,17,,
Data,695,347.5,17,,
Data,696,348,17,,
Data,697,348.5,17,,
Data,698,349,17,,
Data,699,349.5,17,,
Data,700,350,17,,
Data,701,350.5,17,,
Data,702,351,17,,
Data,703,351.5,17,,
Data,704,352,17,,
Data,705,352.5,17,,
Data,706,353,17,,
Data,707,353.5,17,,
Data,708,354,17,,
Data,709,354.5,17,,
Data,710,355,17,,
Data,711,355.5,17,,
Data,712,356,17,,
Data,713,356.5,17,,
Data,714,357,17,,
Data,715,357.5,17,,
Data,716,358,17,,
Data,717,358.5,17,,
Data,718,359,17,,
Data,719,359.5,17,,
Data,720,360,17,,
Data,721,360.5,17,,
Data,722,361,17,,
Data,723,361.5,17,,
Data,724,362,17,,
Data,725,362.5,17,,
Data,726,363,17,,
Data,727,363.5,17,,
Data,728,364,17,,
Data,729,364.5,17,,
Data,730,365,17,,
Data,731,365.5,17,,
Data,732,366,17,,
Data,733,366.5,17,,
Data,734,367,17,,
Data,735,367.5,17,,
Data,736,368,17,,
Data,737,368.5,17,,
Data,738,369,17,,
Data,739,369.5,17,,
Data,740,370,17,,
Data,741,370.5,17,,
Data,742,371,17,,
Data,743,371.5,17,,
Data,744,372,17,,
Data,745,372.5,17,,
Data,746,373,17,,
Data,747,373.5,17,,
Data,748,374,17,,
Data,749,374.5,17,,
Data,750,375,17,,
Data,751,375.5,17,,
Data,752,376,17,,
Data,753,376.5,17,,
Data,754,377,17,,
Data,755,377.5,17,,
Data,756,378,17,,
Data,757,378.5,17,,
Data,758,379,17,,
Data,759,379.5,17,,
Data,760,380,17,,
Data,761,380.5,17,,
Data,762,381,17,,
Data,763,381.5,17,,
Data,764,382,17,,
Data,765,382.5,17,,
Data,766,383,17,,
Data,767,383.5,17,,
Data,768,384,17,,
Data,769,384.5,17,,
Data,770,385,17,,
Data,771,385.5,17,,
Data,772,386,17,,
Data,773,386.5,17,,
Data,774,387,17,,
Data,775,387.5,17,,
Data,776,388,17,,
Data,777,388.5,17,,
Data,778,389,17,,
Data,779,389.5,17,,
Data,780,390,17,,
Data,781,390.5,17,,
Data,782,391,17,,
Data,783,391.5,17,,
Data,784,392,17,,
Data,785,392.5,17,,
Data,786,393,17,,
Data,787,393.5,17,,
Data,788,394,17,,
Data,789,394.5,17,,
Data,790,395,17,,
Data,791,395.5,17,,
Data,792,396,17,,
Data,793,396.5,17,,
Data,794,397,17,,
Data,795,397.5,17,,
Data,796,398,17,,
Data,797,398.5,17,,
Data,798,399,17,,
Data,799,399.5,17,,
Data,800,400,17,,
Data,801,400.5,17,,
Data,802,401,17,,
Data,803,401.5,17,,
Data,804,402,17,,
Data,805,402.5,17,,
Data,806,403,17,,
Data,807,403.5,17,,
Data,808,404,17,,
Data,809,404.5,17,,
Data,810,405,17,,
Data,811,405.5,17,,
Data,812,406,17,,
Data,813,406.5,17,,
Data,814,407,17,,
Data,815,407.5,17,,
Data,816,408,17,,
Data,817,408.5,17,,
Data,818,409,17,,
Data,819,409.5,17,,
Data,820,410,17,,
Data,821,410.5,17,,
Data,822,411,17,,
Data,823,411.5,17,,
Data,824,412,17,,
Data,825,412.5,17,,
Data,826,413,17,,
Data,827,413.5,17,,
Data,828,414,17,,
Data,829,414.5,17,,
Data,830,415,17,,
Data,831,415.5,17,,
Data,832,416,17,,
Data,833,416.5,17,,
Data,834,417,17,,
Data,835,417.5,17,,
Data,836,418,17,,
Data,837,418.5,17,,
Data,838,419,17,,
Data,839,419.5,17,,
Data,840,420,17,,
Data,841,420.5,17,,
Data,842,421,17,,
Data,843,421.5,17,,
Data,844,422,17,,
Data,845,422.5,17,,
Data,846,423,17,,
Data,847,423.5,17,,
Data,848,424,17,,
Data,849,424.5,17,,
Data,850,425,17,,
Data,851,425.5,17,,
Data,852,426,17,,
Data,853,426.5,17,,
Data,854,427,17,,
Data,855,427.5,17,,
Data,856,428,17,,
Data,857,428.5,17,,
Data,858,429,17,,
Data,859,429.5,17,,
Data,860,430,17,,
Data,861,430.5,17,,
Data,862,431,17,,
Data,863,431.5,17,,
Data,864,432,17,,
Data,865,432.5,17,,
Data,866,433,17,,
Data,867,433.5,17,,
Data,868,434,17,,
Data,869,434.5,17,,
Data,870,435,17,,
Data,871,435.5,17,,
Data,872,436,17,,
Data,873,436.5,17,,
Data,874,437,17,,
Data,875,437.5,17,,
Data,876,438,17,,
Data,877,438.5,17,,
Data,878,439,17,,
Data,879,439.5,17,,
Data,880,440,17,,
Data,881,440.5,17,,
Data,882,441,17,,
Data,883,441.5,17,,
Data,884,442,17,,
Data,885,442.5,17,,
Data,886,443,17,,
Data,887,443.5,17,,
Data,888,444,17,,
Data,889,444.5,17,,
Data,890,445,17,,
Data,891,445.5,17,,
Data,892,446,17,,
Data,893,446.5,17,,
Data,894,447,17,,
Data,895,447.5,17,,
Data,896,448,17,,
Data,897,448.5,17,,
Data,898,449,17,,
Data,899,449.5,17,,
Data,900,450,17,,
Data,901,450.5,17,,
Data,902,451,17,,
Data,903,451.5,17,,
Data,904,452,17,,
Data,905,452.5,17,,
Data,906,453,17,,
Data,907,453.5,17,,
Data,908,454,17,,
Data,909,454.5,17,,
Data,910,455,17,,
Data,911,455.5,17,,
Data,912,456,17,,
Data,913,456.5,17,,
Data,914,457,17,,
Data,915,457.5,17,,
Data,916,458,17,,
Data,917,458.5,17,,
Data,918,459,17,,
Data,919,459.5,17,,
Data,920,460,17,,
Data,921,460.5,17,,
Data,922,461,17,,
Data,923,461.5,17,,
Data,924,462,17,,
Data,925,462.5,17,,
Data,926,463,17,,
Data,927,463.5,17,,
Data,928,464,17,,
Data,929,464.5,17,,
Data,930,465,17,,
Data,931,465.5,17,,
Data,932,466,17,,
Data,933,466.5,17,,
Data,934,467,17,,
Data,935,467.5,17,,
Data,936,468,17,,
Data,937,468.5,17,,
Data,938,469,17,,
Data,939,469.5,17,,
Data,940,470,17,,
Data,941,470.5,17,,
Data,942,471,17,,
Data,943,471.5,17,,
Data,944,472,17,,
Data,945,472.5,17,,
Data,946,473,17,,
Data,947,473.5,17,,
Data,948,474,17,,
Data,949,474.5,17,,
Data,950,475,17,,
Data,951,475.5,17,,
Data,952,476,17,,
Data,953,476.5,17,,
Data,954,477,17,,
Data,955,477.5,17,,
Data,956,478,17,,
Data,957,478.5,17,,
Data,958,479,17,,
Data,959,479.5,17,,
Data,960,480,17,,
Data,961,480.5,17,,
Data,962,481,17,,
Data,963,481.5,17,,
Data,964,482,17,,
Data,965,482.5,17,,
Data,966,483,17,,
Data,967,483.5,17,,
Data,968,484,17,,
Data,969,484.5,17,,
Data,970,485,17,,
Data,971,485.5,17,,
Data,972,486,17,,
Data,973,486.5,17,,
Data,974,487,17,,
Data,975,487.5,17,,
Data,976,488,17,,
Data,977,488.5,17,,
Data,978,489,17,,
Data,979,489.5,17,,
Data,980,490,17,,
Data,981,490.5,17,,
Data,982,491,17,,
Data,983,491.5,17,,
Data,984,492,17,,
Data,985,492.5,17,,
Data,986,493,17,,
Data,987,493.5,17,,
Data,988,494,17,,
Data,989,494.5,17,,
Data,990,495,17,,
Data,991,495.5,17,,
Data,992,496,17,,
Data,993,496.5,17,,
Data,994,497,17,,
Data,995,497.5,17,,
Data,996,498,17,,
Data,997,498.5,17,,
Data,998,499,17,,
Data,999,499.5,17,,
Data,1000,500,17,,
Data,1001,500.5,17,,
Data,1002,501,17,,
Data,1003,501.5,17,,
Data,1004,502,17,,
Data,1005,502.5,17,,
Data,1006,503,17,,
Data,1007,503.5,17,,
Data,1008,504,17,,
Data,1009,504.5,17,,
Data,1010,505,17,,
Data,1011,505.5,17,,
Data,1012,506,17,,
Data,1013,506.5,17,,
Data,1014,507,17,,
Data,1015,507.5,17,,
Data,1016,508,17,,
Data,1017,508.5,17,,
Data,1018,509,17,,
Data,1019,509.5,17,,
Data,1020,510,17,,
Data,1021,510.5,17,,
Data,1022,511,17,,
Data,1023,511.5,17,,
Data,1024,512,17,,
Data,1025,512.5,17,,
Data,1026,513,17,,
Data,1027,513.5,17,,
Data,1028,514,17,,
Data,1029,514.5,17,,
Data,1030,515,17,,
Data,1031,515.5,17,,
Data,1032,516,17,,
Data,1033,516.5,17,,
Data,1034,517,17,,
Data,1035,517.5,17,,
Data,1036,518,17,,
Data,1037,518.5,17,,
Data,1038,519,17,,
Data,1039,519.5,17,,
Data,1040,520,17,,
Data,1041,520.5,17,,
Data,1042,521,17,,
Data,1043,521.5,17,,
Data,1044,522,17,,
Data,1045,522.5,17,,
Data,1046,523,17,,
Data,1047,523.5,17,,
Data,1048,524,17,,
Data,1049,524.5,17,,
Data,1050,525,17,,
Data,1051,525.5,17,,
Data,1052,526,17,,
Data,1053,526.5,17,,
Data,1054,527,17,,
Data,1055,527.5,17,,
Data,1056,528,17,,
Data,1057,528.5,17,,
Data,1058,529,17,,
Data,1059,529.5,17,,
Data,1060,530,17,,
Data,1061,530.5,17,,
Data,1062,531,17,,
Data,1063,531.5,17,,
Data,1064,532,17,,
Data,1065,532.5,17,,
Data,1066,533,17,,
Data,1067,533.5,17,,
Data,1068,534,17,,
Data,1069,534.5,17,,
Data,1070,535,17,,
Data,1071,535.5,17,,
Data,1072,536,17,,
Data,1073,536.5,17,,
Data,1074,537,17,,
Data,1075,537.5,17,,
Data,1076,538,17,,
Data,1077,538.5,17,,
Data,1078,539,17,,
Data,1079,539.5,17,,
Data,1080,540,17,,
Data,1081,540.5,17,,
Data,1082,541,17,,
Data,1083,541.5,17,,
Data,1084,542,17,,
Data,1085,542.5,17,,
Data,1086,543,17,,
Data,1087,543.5,17,,
Data,1088,544,17,,
Data,1089,544.5,17,,
Data,1090,545,17,,
Data,1091,545.5,17,,
Data,1092,546,17,,
Data,1093,546.5,17,,
Data,1094,547,17,,
Data,1095,547.5,17,,
Data,1096,548,17,,
Data,1097,548.5,17,,
Data,1098,549,17,,
Data,1099,549.5,17,,
Data,1100,550,17,,
Data,1101,550.5,17,,
Data,1102,551,17,,
Data,1103,551.5,17,,
Data,1104,552,17,,
Data,1105,552.5,17,,
Data,1106,553,17,,
Data,1107,553.5,17,,
Data,1108,554,17,,
Data,1109,554.5,17,,
Data,1110,555,17,,
Data,1111,555.5,17,,
Data,1112,556,17,,
Data,1113,556.5,17,,
Data,1114,557,17,,
Data,1115,557.5,17,,
Data,1116,558,17,,
Data,1117,558.5,17,,
Data,1118,559,17,,
Data,1119,559.5,17,,
Data,1120,560,17,,
Data,1121,560.5,17,,
Data,1122,561,17,,
Data,1123,561.5,17,,
Data,1124,562,17,,
Data,1125,562.5,17,,
Data,1126,563,17,,
Data,1127,563.5,17,,
Data,1128,564,17,,
Data,1129,564.5,17,,
Data,1130,565,17,,
Data,1131,565.5,17,,
Data,1132,566,17,,
Data,1133,566.5,17,,
Data,1134,567,17,,
Data,1135,567.5,17,,
Data,1136,568,17,,
Data,1137,568.5,17,,
Data,1138,569,17,,
Data,1139,569.5,17,,
Data,1140,570,17,,
Data,1141,570.5,17,,
Data,1142,571,17,,
Data,1143,571.5,17,,
Data,1144,572,17,,
Data,1145,572.5,17,,
Data,1146,573,17,,
Data,1147,573.5,17,,
Data,1148,574,17,,
Data,1149,574.5,17,,
Data,1150,575,17,,
Data,1151,575.5,17,,
Data,1152,576,17,,
Data,1153,576.5,17,,
Data,1154,577,17,,
Data,1155,577.5,17,,
Data,1156,578,17,,
Data,1157,578.5,17,,
Data,1158,579,17,,
Data,1159,579.5,17,,
Data,1160,580,17,,
Data,1161,580.5,17,,
Data,1162,581,17,,
Data,1163,581.5,17,,
Data,1164,582,17,,
Data,1165,582.5,17,,
Data,1166,583,17,,
Data,1167,583.5,17,,
Data,1168,584,17,,
Data,1169,584.5,17,,
Data,1170,585,17,,
Data,1171,585.5,17,,
Data,1172,586,17,,
Data,1173,586.5,17,,
Data,1174,587,17,,
Data,1175,587.5,17,,
Data,1176,588,17,,
Data,1177,588.5,17,,
Data,1178,589,17,,
Data,1179,589.5,17,,
Data,1180,590,17,,
Data,1181,590.5,17,,
Data,1182,591,17,,
Data,1183,591.5,17,,
Data,1184,592,17,,
Data,1185,592.5,17,,
Data,1186,593,17,,
Data,1187,593.5,17,,
Data,1188,594,17,,
Data,1189,594.5,17,,
Data,1190,595,17,,
Data,1191,595.5,17,,
Data,1192,596,17,,
Data,1193,596.5,17,,
Data,1194,597,17,,
Data,1195,597.5,17,,
Data,1196,598,17,,
Data,1197,598.5,17,,
Data,1198,599,17,,
Data,1199,599.5,17,,
Data,1200,600,17,,
Data,1201,600.5,17,,
Data,1202,601,17,,
Data,1203,601.5,17,,
Data,1204,602,17,,
Data,1205,602.5,17,,
Data,1206,603,17,,
Data,1207,603.5,17,,
Data,1208,604,17,,
Data,1209,604.5,17,,
Data,1210,605,17,,
Data,1211,605.5,17,,
Data,1212,606,17,,
Data,1213,606.5,17,,
Data,1214,607,17,,
Data,1215,607.5,17,,
Data,1216,608,17,,
Data,1217,608.5,17,,
Data,1218,609,17,,
Data,1219,609.5,17,,
Data,1220,610,17,,
Data,1221,610.5,17,,
Data,1222,611,17,,
Data,1223,611.5,17,,
Data,1224,612,17,,
Data,1225,612.5,17,,
Data,1226,613,17,,
Data,1227,613.5,17,,
Data,1228,614,17,,
Data,1229,614.5,17,,
Data,1230,615,17,,
Data,1231,615.5,17,,
Data,1232,616,17,,
Data,1233,616.5,17,,
Data,1234,617,17,,
Data,1235,617.5,17,,
Data,1236,618,17,,
Data,1237,618.5,17,,
Data,1238,619,17,,
Data,1239,619.5,17,,
Data,1240,620,17,,
Data,1241,620.5,17,,
Data,1242,621,17,,
Data,1243,621.5,17,,
Data,1244,622,17,,
Data,1245,622.5,17,,
Data,1246,623,17,,
Data,1247,623.5,17,,
Data,1248,624,17,,
Data,1249,624.5,17,,
Data,1250,625,17,,
Data,1251,625.5,17,,
Data,1252,626,17,,
Data,1253,626.5,17,,
Data,1254,627,17,,
Data,1255,627.5,17,,
Data,1256,628,17,,
Data,1257,628.5,17,,
Data,1258,629,17,,
Data,1259,629.5,17,,
Data,1260,630,17,,
Data,1261,630.5,17,,
Data,1262,631,17,,
Data,1263,631.5,17,,
Data,1264,632,17,,
Data,1265,632.5,17,,
Data,1266,633,17,,
Data,1267,633.5,17,,
Data,1268,634,17,,
Data,1269,634.5,17,,
Data,1270,635,17,,
Data,1271,635.5,17,,
Data,1272,636,17,,
Data,1273,636.5,17,,
Data,1274,637,17,,
Data,1275,637.5,17,,
Data,1276,638,17,,
Data,1277,638.5,17,,
Data,1278,639,17,,
Data,1279,639.5,17,,
Data,1280,640,17,,
Data,1281,640.5,17,,
Data,1282,641,17,,
Data,1283,641.5,17,,
Data,1284,642,17,,
Data,1285,642.5,17,,
Data,1286,643,17,,
Data,1287,643.5,17,,
Data,1288,644,17,,
Data,1289,644.5,17,,
Data,1290,645,17,,
Data,1291,645.5,17,,
Data,1292,646,17,,
Data,1293,646.5,17,,
Data,1294,647,17,,
Data,1295,647.5,17,,
Data,1296,648,17,,
Data,1297,648.5,17,,
Data,1298,649,17,,
Data,1299,649.5,17,,
Data,1300,650,17,,
Data,1301,650.5,17,,
Data,1302,651,17,,
Data,1303,651.5,17,,
Data,1304,652,17,,
Data,1305,652.5,17,,
Data,1306,653,17,,
Data,1307,653.5,17,,
Data,1308,654,17,,
Data,1309,654.5,17,,
Data,1310,655,17,,
Data,1311,655.5,17,,
Data,1312,656,17,,
Data,1313,656.5,17,,
Data,1314,657,17,,
Data,1315,657.5,17,,
Data,1316,658,17,,
Data,1317,658.5,17,,
Data,1318,659,17,,
Data,1319,659.5,17,,
Data,1320,660,17,,
Data,1321,660.5,17,,
Data,1322,661,17,,
Data,1323,661.5,17,,
Data,1324,662,17,,
Data,1325,662.5,17,,
Data,1326,663,17,,
Data,1327,663.5,17,,
Data,1328,664,17,,
Data,1329,664.5,17,,
Data,1330,665,17,,
Data,1331,665.5,17,,
Data,1332,666,17,,
Data,1333,666.5,17,,
Data,1334,667,17,,
Data,1335,667.5,17,,
Data,1336,668,17,,
Data,1337,668.5,17,,
Data,1338,669,17,,
Data,1339,669.5,17,,
Data,1340,670,17,,
Data,1341,670.5,17,,
Data,1342,671,17,,
Data,1343,671.5,17,,
Data,1344,672,17,,
Data,1345,672.5,17,,
Data,1346,673,17,,
Data,1347,673.5,17,,
Data,1348,674,17,,
Data,1349,674.5,17,,
Data,1350,675,17,,
Data,1351,675.5,17,,
Data,1352,676,17,,
Data,1353,676.5,17,,
Data,1354,677,17,,
Data,1355,677.5,17,,
Data,1356,678,17,,
Data,1357,678.5,17,,
Data,1358,679,17,,
Data,1359,679.5,17,,
Data,1360,680,17,,
Data,1361,680.5,17,,
Data,1362,681,17,,
Data,1363,681.5,17,,
Data,1364,682,17,,
Data,1365,682.5,17,,
Data,1366,683,17,,
Data,1367,683.5,17,,
Data,1368,684,17,,
Data,1369,684.5,17,,
Data,1370,685,17,,
Data,1371,685.5,17,,
Data,1372,686,17,,
Data,1373,686.5,17,,
Data,1374,687,17,,
Data,1375,687.5,17,,
Data,1376,688,17,,
Data,1377,688.5,17,,
Data,1378,689,17,,
Data,1379,689.5,17,,
Data,1380,690,17,,
Data,1381,690.5,17,,
Data,1382,691,17,,
Data,1383,691.5,17,,
Data,1384,692,17,,
Data,1385,692.5,17,,
Data,1386,693,17,,
Data,1387,693.5,17,,
Data,1388,694,17,,
Data,1389,694.5,17,,
Data,1390,695,17,,
Data,1391,695.5,17,,
Data,1392,696,17,,
Data,1393,696.5,17,,
Data,1394,697,17,,
Data,1395,697.5,17,,
Data,1396,698,17,,
Data,1397,698.5,17,,
Data,1398,699,17,,
Data,1399,699.5,17,,
Data,1400,700,17,,
Data,1401,700.5,17,,
Data,1402,701,17,,
Data,1403,701.5,17,,
Data,1404,702,17,,
Data,1405,702.5,17,,
Data,1406,703,17,,
Data,1407,703.5,17,,
Data,1408,704,17,,
Data,1409,704.5,17,,
Data,1410,705,17,,
Data,1411,705.5,17,,
Data,1412,706,17,,
Data,1413,706.5,17,,
Data,1414,707,17,,
Data,1415,707.5,17,,
Data,1416,708,17,,
Data,1417,708.5,17,,
Data,1418,709,17,,
Data,1419,709.5,17,,
Data,1420,710,17,,
Data,1421,710.5,17,,
Data,1422,711,17,,
Data,1423,711.5,17,,
Data,1424,712,17,,
Data,1425,712.5,17,,
Data,1426,713,17,,
Data,1427,713.5,17,,
Data,1428,714,17,,
Data,1429,714.5,17,,
Data,1430,715,17,,
Data,1431,715.5,17,,
Data,1432,716,17,,
Data,1433,716.5,17,,
Data,1434,717,17,,
Data,1435,717.5,17,,
Data,1436,718,17,,
Data,1437,718.5,17,,
Data,1438,719,17,,
Data,1439,719.5,17,,
Data,1440,720,17,,
Data,1441,720.5,17,,
Data,1442,721,17,,
Data,1443,721.5,17,,
Data,1444,722,17,,
Data,1445,722.5,17,,
Data,1446,723,17,,
Data,1447,723.5,17,,
Data,1448,724,17,,
Data,1449,724.5,17,,
Data,1450,725,17,,
Data,1451,725.5,17,,
Data,1452,726,17,,
Data,1453,726.5,17,,
Data,1454,727,17,,
Data,1455,727.5,17,,
Data,1456,728,17,,
Data,1457,728.5,17,,
Data,1458,729,17,,
Data,1459,729.5,17,,
Data,1460,730,17,,
Data,1461,730.5,17,,
Data,1462,731,17,,
Data,1463,731.5,17,,
Data,1464,732,17,,
Data,1465,732.5,17,,
Data,1466,733,17,,
Data,1467,733.5,17,,
Data,1468,734,17,,
Data,1469,734.5,17,,
Data,1470,735,17,,
Data,1471,735.5,17,,
Data,1472,736,17,,
Data,1473,736.5,17,,
Data,1474,737,17,,
Data,1475,737.5,17,,
Data,1476,738,17,,
Data,1477,738.5,17,,
Data,1478,739,17,,
Data,1479,739.5,17,,
Data,1480,740,17,,
Data,1481,740.5,17,,
Data,1482,741,17,,
Data,1483,741.5,17,,
Data,1484,742,17,,
Data,1485,742.5,17,,
Data,1486,743,17,,
Data,1487,743.5,17,,
Data,1488,744,17,,
Data,1489,744.5,17,,
Data,1490,745,17,,
Data,1491,745.5,17,,
Data,1492,746,17,,
Data,1493,746.5,17,,
Data,1494,747,17,,
Data,1495,747.5,17,,
Data,1496,748,17,,
Data,1497,748.5,17,,
Data,1498,749,17,,
Data,1499,749.5,17,,
Data,1500,750,17,,
Data,1501,750.5,17,,
Data,1502,751,17,,
Data,1503,751.5,17,,
Data,1504,752,17,,
Data,1505,752.5,17,,
Data,1506,753,17,,
Data,1507,753.5,17,,
Data,1508,754,17,,
Data,1509,754.5,17,,
Data,1510,755,17,,
Data,1511,755.5,17,,
Data,1512,756,17,,
Data,1513,756.5,17,,
Data,1514,757,17,,
Data,1515,757.5,17,,
Data,1516,758,17,,
Data,1517,758.5,17,,
Data,1518,759,17,,
Data,1519,759.5,17,,
Data,1520,760,17,,
Data,1521,760.5,17,,
Data,1522,761,17,,
Data,1523,761.5,17,,
Data,1524,762,17,,
Data,1525,762.5,17,,
Data,1526,763,17,,
Data,1527,763.5,17,,
Data,1528,764,17,,
Data,1529,764.5,17,,
Data,1530,765,17,,
Data,1531,765.5,17,,
Data,1532,766,17,,
Data,1533,766.5,17,,
Data,1534,767,17,,
Data,1535,767.5,17,,
Data,1536,768,17,,
Data,1537,768.5,17,,
Data,1538,769,17,,
Data,1539,769.5,17,,
Data,1540,770,17,,
Data,1541,770.5,17,,
Data,1542,771,17,,
Data,1543,771.5,17,,
Data,1544,772,17,,
Data,1545,772.5,17,,
Data,1546,773,17,,
Data,1547,773.5,17,,
Data,1548,774,17,,
Data,1549,774.5,17,,
Data,1550,775,17,,
Data,1551,775.5,17,,
Data,1552,776,17,,
Data,1553,776.5,17,,
Data,1554,777,17,,
Data,1555,777.5,17,,
Data,1556,778,17,,
Data,1557,778.5,17,,
Data,1558,779,17,,
Data,1559,779.5,17,,
Data,1560,780,17,,
Data,1561,780.5,17,,
Data,1562,781,17,,
Data,1563,781.5,17,,
Data,1564,782,17,,
Data,1565,782.5,17,,
Data,1566,783,17,,
Data,1567,783.5,17,,
Data,1568,784,17,,
Data,1569,784.5,17,,
Data,1570,785,17,,
Data,1571,785.5,17,,
Data,1572,786,17,,
Data,1573,786.5,17,,
Data,1574,787,17,,
Data,1575,787.5,17,,
Data,1576,788,17,,
Data,1577,788.5,17,,
Data,1578,789,17,,
Data,1579,789.5,17,,
Data,1580,790,17,,
Data,1581,790.5,17,,
Data,1582,791,17,,
Data,1583,791.5,17,,
Data,1584,792,17,,
Data,1585,792.5,17,,
Data,1586,793,17,,
Data,1587,793.5,17,,
Data,1588,794,17,,
Data,1589,794.5,17,,
Data,1590,795,17,,
Data,1591,795.5,17,,
Data,1592,796,17,,
Data,1593,796.5,17,,
Data,1594,797,17,,
Data,1595,797.5,17,,
Data,1596,798,17,,
Data,1597,798.5,17,,
Data,1598,799,17,,
Data,1599,799.5,17,,
Data,1600,800,17,,
Data,1601,800.5,17,,
Data,1602,801,17,,
Data,1603,801.5,17,,
Data,1604,802,17,,
Data,1605,802.5,17,,
Data,1606,803,17,,
Data,1607,803.5,17,,
Data,1608,804,17,,
Data,1609,804.5,17,,
Data,1610,805,17,,
Data,1611,805.5,17,,
Data,1612,806,17,,
Data,1613,806.5,17,,
Data,1614,807,17,,
Data,1615,807.5,17,,
Data,1616,808,17,,
Data,1617,808.5,17,,
Data,1618,809,17,,
Data,1619,809.5,17,,
Data,1620,810,17,,
Data,1621,810.5,17,,
Data,1622,811,17,,
Data,1623,811.5,17,,
Data,1624,812,17,,
Data,1625,812.5,17,,
Data,1626,813,17,,
Data,1627,813.5,17,,
Data,1628,814,17,,
Data,1629,814.5,17,,
Data,1630,815,17,,
Data,1631,815.5,17,,
Data,1632,816,17,,
Data,1633,816.5,17,,
Data,1634,817,17,,
Data,1635,817.5,17,,
Data,1636,818,17,,
Data,1637,818.5,17,,
Data,1638,819,17,,
Data,1639,819.5,17,,
Data,1640,820,17,,
Data,1641,820.5,17,,
Data,1642,821,17,,
Data,1643,821.5,17,,
Data,1644,822,17,,
Data,1645,822.5,17,,
Data,1646,823,17,,
Data,1647,823.5,17,,
Data,1648,824,17,,
Data,1649,824.5,17,,
Data,1650,825,17,,
Data,1651,825.5,17,,
Data,1652,826,17,,
Data,1653,826.5,17,,
Data,1654,827,17,,
Data,1655,827.5,17,,
Data,1656,828,17,,
Data,1657,828.5,17,,
Data,1658,829,17,,
Data,1659,829.5,17,,
Data,1660,830,17,,
Data,1661,830.5,17,,
Data,1662,831,17,,
Data,1663,831.5,17,,
Data,1664,832,17,,
Data,1665,832.5,17,,
Data,1666,833,17,,
Data,1667,833.5,17,,
Data,1668,834,17,,
Data,1669,834.5,17,,
Data,1670,835,17,,
Data,1671,835.5,17,,
Data,1672,836,17,,
Data,1673,836.5,17,,
Data,1674,837,17,,
Data,1675,837.5,17,,
Data,1676,838,17,,
Data,1677,838.5,17,,
Data,1678,839,17,,
Data,1679,839.5,17,,
Data,1680,840,17,,
Data,1681,840.5,17,,
Data,1682,841,17,,
Data,1683,841.5,17,,
Data,1684,842,17,,
Data,1685,842.5,17,,
Data,1686,843,17,,
Data,1687,843.5,17,,
Data,1688,844,17,,
Data,1689,844.5,17,,
Data,1690,845,17,,
Data,1691,845.5,17,,
Data,1692,846,17,,
Data,1693,846.5,17,,
Data,1694,847,17,,
Data,1695,847.5,17,,
Data,1696,848,17,,
Data,1697,848.5,17,,
Data,1698,849,17,,
Data,1699,849.5,17,,
Data,1700,850,17,,
Data,1701,850.5,17,,
Data,1702,851,17,,
Data,1703,851.5,17,,
Data,1704,852,17,,
Data,1705,852.5,17,,
Data,1706,853,17,,
Data,1707,853.5,17,,
Data,1708,854,17,,
Data,1709,854.5,17,,
Data,1710,855,17,,
Data,1711,855.5,17,,
Data,1712,856,17,,
Data,1713,856.5,17,,
Data,1714,857,17,,
Data,1715,857.5,17,,
Data,1716,858,17,,
Data,1717,858.5,17,,
Data,1718,859,17,,
Data,1719,859.5,17,,
Data,1720,860,17,,
Data,1721,860.5,17,,
Data,1722,861,17,,
Data,1723,861.5,17,,
Data,1724,862,17,,
Data,1725,862.5,17,,
Data,1726,863,17,,
Data,1727,863.5,17,,
Data,1728,864,17,,
Data,1729,864.5,17,,
Data,1730,865,17,,
Data,1731,865.5,17,,
Data,1732,866,17,,
Data,1733,866.5,17,,
Data,1734,867,17,,
Data,1735,867.5,17,,
Data,1736,868,17,,
Data,1737,868.5,17,,
Data,1738,869,17,,
Data,1739,869.5,17,,
Data,1740,870,17,,
Data,1741,870.5,17,,
Data,1742,871,17,,
Data,1743,871.5,17,,
Data,1744,872,17,,
Data,1745,872.5,17,,
Data,1746,873,17,,
Data,1747,873.5,17,,
Data,1748,874,17,,
Data,1749,874.5,17,,
Data,1750,875,17,,
Data,1751,875.5,17,,
Data,1752,876,17,,
Data,1753,876.5,17,,
Data,1754,877,17,,
Data,1755,877.5,17,,
Data,1756,878,17,,
Data,1757,878.5,17,,
Data,1758,879,17,,
Data,1759,879.5,17,,
Data,1760,880,17,,
Data,1761,880.5,17,,
Data,1762,881,17,,
Data,1763,881.5,17,,
Data,1764,882,17,,
Data,1765,882.5,17,,
Data,1766,883,17,,
Data,1767,883.5,17,,
Data,1768,884,17,,
Data,1769,884.5,17,,
Data,1770,885,17,,
Data,1771,885.5,17,,
Data,1772,886,17,,
Data,1773,886.5,17,,
Data,1774,887,17,,
Data,1775,887.5,17,,
Data,1776,888,17,,
Data,1777,888.5,17,,
Data,1778,889,17,,
Data,1779,889.5,17,,
Data,1780,890,17,,
Data,1781,890.5,17,,
Data,1782,891,17,,
Data,1783,891.5,17,,
Data,1784,892,17,,
Data,1785,892.5,17,,
Data,1786,893,17,,
Data,1787,893.5,17,,
Data,1788,894,17,,
Data,1789,894.5,17,,
Data,1790,895,17,,
Data,1791,895.5,17,,
Data,1792,896,17,,
Data,1793,896.5,17,,
Data,1794,897,17,,
Data,1795,897.5,17,,
Data,1796,898,17,,
Data,1797,898.5,17,,
Data,1798,899,17,,
Data,1799,899.5,17,,
Data,1800,900,17,,
Data,1801,900.5,17,,
Data,1802,901,17,,
Data,1803,901.5,17,,
Data,1804,902,17,,
Data,1805,902.5,17,,
Data,1806,903,17,,
Data,1807,903.5,17,,
Data,1808,904,17,,
Data,1809,904.5,17,,
Data,1810,905,17,,
Data,1811,905.5,17,,
Data,1812,906,17,,
Data,1813,906.5,17,,
Data,1814,907,17,,
Data,1815,907.5,17,,
Data,1816,908,17,,
Data,1817,908.5,17,,
Data,1818,909,17,,
Data,1819,909.5,17,,
Data,1820,910,17,,
Data,1821,910.5,17,,
Data,1822,911,17,,
Data,1823,911.5,17,,
Data,1824,912,17,,
Data,1825,912.5,17,,
Data,1826,913,17,,
Data,1827,913.5,17,,
Data,1828,914,17,,
Data,1829,914.5,17,,
Data,1830,915,17,,
Data,1831,915.5,17,,
Data,1832,916,17,,
Data,1833,916.5,17,,
Data,1834,917,17,,
Data,1835,917.5,17,,
Data,1836,918,17,,
Data,1837,918.5,17,,
Data,1838,919,17,,
Data,1839,919.5,17,,
Data,1840,920,17,,
Data,1841,920.5,17,,
Data,1842,921,17,,
Data,1843,921.5,17,,
Data,1844,922,17,,
Data,1845,922.5,17,,
Data,1846,923,17,,
Data,1847,923.5,17,,
Data,1848,924,17,,
Data,1849,924.5,17,,
Data,1850,925,17,,
Data,1851,925.5,17,,
Data,1852,926,17,,
Data,1853,926.5,17,,
Data,1854,927,17,,
Data,1855,927.5,17,,
Data,1856,928,17,,
Data,1857,928.5,17,,
Data,1858,929,17,,
Data,1859,929.5,17,,
Data,1860,930,17,,
Data,1861,930.5,17,,
Data,1862,931,17,,
Data,1863,931.5,17,,
Data,1864,932,17,,
Data,1865,932.5,17,,
Data,1866,933,17,,
Data,1867,933.5,17,,
Data,1868,934,17,,
Data,1869,934.5,17,,
Data,1870,935,17,,
Data,1871,935.5,17,,
Data,1872,936,17,,
Data,1873,936.5,17,,
Data,1874,937,17,,
Data,1875,937.5,17,,
Data,1876,938,17,,
Data,1877,938.5,17,,
Data,1878,939,17,,
Data,1879,939.5,17,,
Data,1880,940,17,,
Data,1881,940.5,17,,
Data,1882,941,17,,
Data,1883,941.5,17,,
Data,1884,942,17,,
Data,1885,942.5,17,,
Data,1886,943,17,,
Data,1887,943.5,17,,
Data,1888,944,17,,
Data,1889,944.5,17,,
Data,1890,945,17,,
Data,1891,945.5,17,,
Data,1892,946,17,,
Data,1893,946.5,17,,
Data,1894,947,17,,
Data,1895,947.5,17,,
Data,1896,948,17,,
Data,1897,948.5,17,,
Data,1898,949,17,,
Data,1899,949.5,17,,
Data,1900,950,17,,
Data,1901,950.5,17,,
Data,1902,951,17,,
Data,1903,951.5,17,,
Data,1904,952,17,,
Data,1905,952.5,17,,
Data,1906,953,17,,
Data,1907,953.5,17,,
Data,1908,954,17,,
Data,1909,954.5,17,,
Data,1910,955,17,,
Data,1911,955.5,17,,
Data,1912,956,17,,
Data,1913,956.5,17,,
Data,1914,957,17,,
Data,1915,957.5,17,,
Data,1916,958,17,,
Data,1917,958.5,17,,
Data,1918,959,17,,
Data,1919,959.5,17,,
Data,1920,960,17,,
Data,1921,960.5,17,,
Data,1922,961,17,,
Data,1923,961.5,17,,
Data,1924,962,17,,
Data,1925,962.5,17,,
Data,1926,963,17,,
Data,1927,963.5,17,,
Data,1928,964,17,,
Data,1929,964.5,17,,
Data,1930,965,17,,
Data,1931,965.5,17,,
Data,1932,966,17,,
Data,1933,966.5,17,,
Data,1934,967,17,,
Data,1935,967.5,17,,
Data,1936,968,17,,
Data,1937,968.5,17,,
Data,1938,969,17,,
Data,1939,969.5,17,,
Data,1940,970,17,,
Data,1941,970.5,17,,
Data,1942,971,17,,
Data,1943,971.5,17,,
Data,1944,972,17,,
Data,1945,972.5,17,,
Data,1946,973,17,,
Data,1947,973.5,17,,
Data,1948,974,17,,
Data,1949,974.5,17,,
Data,1950,975,17,,
Data,1951,975.5,17,,
Data,1952,976,17,,
Data,1953,976.5,17,,
Data,1954,977,17,,
Data,1955,977.5,17,,
Data,1956,978,17,,
Data,1957,978.5,17,,
Data,1958,979,17,,
Data,1959,979.5,17,,
Data,1960,980,17,,
Data,1961,980.5,17,,
Data,1962,981,17,,
Data,1963,981.5,17,,
Data,1964,982,17,,
Data,1965,982.5,17,,
Data,1966,983,17,,
Data,1967,983.5,17,,
Data,1968,984,17,,
Data,1969,984.5,17,,
Data,1970,985,17,,
Data,1971,985.5,17,,
Data,1972,986,17,,
Data,1973,986.5,17,,
Data,1974,987,17,,
Data,1975,987.5,17,,
Data,1976,988,17,,
Data,1977,988.5,17,,
Data,1978,989,17,,
Data,1979,989.5,17,,
Data,1980,990,17,,
Data,1981,990.5,17,,
Data,1982,991,17,,
Data,1983,991.5,17,,
Data,1984,992,17,,
Data,1985,992.5,17,,
Data,1986,993,17,,
Data,1987,993.5,17,,
Data,1988,994,17,,
Data,1989,994.5,17,,
Data,1990,995,17,,
Data,1991,995.5,17,,
Data,1992,996,17,,
Data,1993,996.5,17,,
Data,1994,997,17,,
Data,1995,997.5,17,,
Data,1996,998,17,,
Data,1997,998.5,17,,
Data,1998,999,17,,
Data,1999,999.5,17,,
Data,2000,1000,17,,
Data,2001,1000.5,17,,
Data,2002,1001,17,,
Data,2003,1001.5,17,,
Data,2004,1002,17,,
Data,2005,1002.5,17,,
Data,2006,1003,17,,
Data,2007,1003.5,17,,
Data,2008,1004,17,,
Data,2009,1004.5,17,,
Data,2010,1005,17,,
Data,2011,1005.5,17,,
Data,2012,1006,17,,
Data,2013,1006.5,17,,
Data,2014,1007,17,,
Data,2015,1007.5,17,,
Data,2016,1008,17,,
Data,2017,1008.5,17,,
Data,2018,1009,17,,
Data,2019,1009.5,17,,
Data,2020,1010,17,,
Data,2021,1010.5,17,,
Data,2022,1011,17,,
Data,2023,1011.5,17,,
Data,2024,1012,17,,
Data,2025,1012.5,17,,
Data,2026,1013,17,,
Data,2027,1013.5,17,,
Data,2028,1014,17,,
Data,2029,1014.5,17,,
Data,2030,1015,17,,
Data,2031,1015.5,17,,
Data,2032,1016,17,,
Data,2033,1016.5,17,,
Data,2034,1017,17,,
Data,2035,1017.5,17,,
Data,2036,1018,17,,
Data,2037,1018.5,17,,
Data,2038,1019,17,,
Data,2039,1019.5,17,,
Data,2040,1020,17,,
Data,2041,1020.5,17,,
Data,2042,1021,17,,
Data,2043,1021.5,17,,
Data,2044,1022,17,,
Data,2045,1022.5,17,,
Data,2046,1023,17,,
Data,2047,1023.5,17,,
Data,2048,1024,17,,
Data,2049,1024.5,17,,
Data,2050,1025,17,,
Data,2051,1025.5,17,,
Data,2052,1026,17,,
Data,2053,1026.5,17,,
Data,2054,1027,17,,
Data,2055,1027.5,17,,
Data,2056,1028,17,,
Data,2057,1028.5,17,,
Data,2058,1029,17,,
Data,2059,1029.5,17,,
Data,2060,1030,17,,
Data,2061,1030.5,17,,
Data,2062,1031,17,,
Data,2063,1031.5,17,,
Data,2064,1032,17,,
Data,2065,1032.5,17,,
Data,2066,1033,17,,
Data,2067,1033.5,17,,
Data,2068,1034,17,,
Data,2069,1034.5,17,,
Data,2070,1035,17,,
Data,2071,1035.5,17,,
Data,2072,1036,17,,
Data,2073,1036.5,17,,
Data,2074,1037,17,,
Data,2075,1037.5,17,,
Data,2076,1038,17,,
Data,2077,1038.5,17,,
Data,2078,1039,17,,
Data,2079,1039.5,17,,
Data,2080,1040,17,,
Data,2081,1040.5,17,,
Data,2082,1041,17,,
Data,2083,1041.5,17,,
Data,2084,1042,17,,
Data,2085,1042.5,17,,
Data,2086,1043,17,,
Data,2087,1043.5,17,,
Data,2088,1044,17,,
Data,2089,1044.5,17,,
Data,2090,1045,17,,
Data,2091,1045.5,17,,
Data,2092,1046,17,,
Data,2093,1046.5,17,,
Data,2094,1047,17,,
Data,2095,1047.5,17,,
Data,2096,1048,17,,
Data,2097,1048.5,17,,
Data,2098,1049,17,,
Data,2099,1049.5,17,,
Data,2100,1050,17,,
Data,2101,1050.5,17,,
Data,2102,1051,17,,
Data,2103,1051.5,17,,
Data,2104,1052,17,,
Data,2105,1052.5,17,,
Data,2106,1053,17,,
Data,2107,1053.5,17,,
Data,2108,1054,17,,
Data,2109,1054.5,17,,
Data,2110,1055,17,,
Data,2111,1055.5,17,,
Data,2112,1056,17,,
Data,2113,1056.5,17,,
Data,2114,1057,17,,
Data,2115,1057.5,17,,
Data,2116,1058,17,,
Data,2117,1058.5,17,,
Data,2118,1059,17,,
Data,2119,1059.5,17,,
Data,2120,1060,17,,
Data,2121,1060.5,17,,
Data,2122,1061,17,,
Data,2123,1061.5,17,,
Data,2124,1062,17,,
Data,2125,1062.5,17,,
Data,2126,1063,17,,
Data,2127,1063.5,17,,
Data,2128,1064,17,,
Data,2129,1064.5,17,,
Data,2130,1065,17,,
Data,2131,1065.5,17,,
Data,2132,1066,17,,
Data,2133,1066.5,17,,
Data,2134,1067,17,,
Data,2135,1067.5,17,,
Data,2136,1068,17,,
Data,2137,1068.5,17,,
Data,2138,1069,17,,
Data,2139,1069.5,17,,
Data,2140,1070,17,,
Data,2141,1070.5,17,,
Data,2142,1071,17,,
Data,2143,1071.5,17,,
Data,2144,1072,17,,
Data,2145,1072.5,17,,
Data,2146,1073,17,,
Data,2147,1073.5,17,,
Data,2148,1074,17,,
Data,2149,1074.5,17,,
Data,2150,1075,17,,
Data,2151,1075.5,17,,
Data,2152,1076,17,,
Data,2153,1076.5,17,,
Data,2154,1077,17,,
Data,2155,1077.5,17,,
Data,2156,1078,17,,
Data,2157,1078.5,17,,
Data,2158,1079,17,,
Data,2159,1079.5,17,,
Data,2160,1080,17,,
Data,2161,1080.5,17,,
Data,2162,1081,17,,
Data,2163,1081.5,17,,
Data,2164,1082,17,,
Data,2165,1082.5,17,,
Data,2166,1083,17,,
Data,2167,1083.5,17,,
Data,2168,1084,17,,
Data,2169,1084.5,17,,
Data,2170,1085,17,,
Data,2171,1085.5,17,,
Data,2172,1086,17,,
Data,2173,1086.5,17,,
Data,2174,1087,17,,
Data,2175,1087.5,17,,
Data,2176,1088,17,,
Data,2177,1088.5,17,,
Data,2178,1089,17,,
Data,2179,1089.5,17,,
Data,2180,1090,17,,
Data,2181,1090.5,17,,
Data,2182,1091,17,,
Data,2183,1091.5,17,,
Data,2184,1092,17,,
Data,2185,1092.5,17,,
Data,2186,1093,17,,
Data,2187,1093.5,17,,
Data,2188,1094,17,,
Data,2189,1094.5,17,,
Data,2190,1095,17,,
Data,2191,1095.5,17,,
Data,2192,1096,17,,
Data,2193,1096.5,17,,
Data,2194,1097,17,,
Data,2195,1097.5,17,,
Data,2196,1098,17,,
Data,2197,1098.5,17,,
Data,2198,1099,17,,
Data,2199,1099.5,17,,
Data,2200,1100,17,,
Data,2201,1100.5,17,,
Data,2202,1101,17,,
Data,2203,1101.5,17,,
Data,2204,1102,17,,
Data,2205,1102.5,17,,
Data,2206,1103,17,,
Data,2207,1103.5,17,,
Data,2208,1104,17,,
Data,2209,1104.5,17,,
Data,2210,1105,17,,
Data,2211,1105.5,17,,
Data,2212,1106,17,,
Data,2213,1106.5,17,,
Data,2214,1107,17,,
Data,2215,1107.5,17,,
Data,2216,1108,17,,
Data,2217,1108.5,17,,
Data,2218,1109,17,,
Data,2219,1109.5,17,,
Data,2220,1110,17,,
Data,2221,1110.5,17,,
Data,2222,1111,17,,
Data,2223,1111.5,17,,
Data,2224,1112,17,,
Data,2225,1112.5,17,,
Data,2226,1113,17,,
Data,2227,1113.5,17,,
Data,2228,1114,17,,
Data,2229,1114.5,17,,
Data,2230,1115,17,,
Data,2231,1115.5,17,,
Data,2232,1116,17,,
Data,2233,1116.5,17,,
Data,2234,1117,17,,
Data,2235,1117.5,17,,
Data,2236,1118,17,,
Data,2237,1118.5,17,,
Data,2238,1119,17,,
Data,2239,1119.5,17,,
Data,2240,1120,17,,
Data,2241,1120.5,17,,
Data,2242,1121,17,,
Data,2243,1121.5,17,,
Data,2244,1122,17,,
Data,2245,1122.5,17,,
Data,2246,1123,17,,
Data,2247,1123.5,17,,
Data,2248,1124,17,,
Data,2249,1124.5,17,,
Data,2250,1125,17,,
Data,2251,1125.5,17,,
Data,2252,1126,17,,
Data,2253,1126.5,17,,
Data,2254,1127,17,,
Data,2255,1127.5,17,,
Data,2256,1128,17,,
Data,2257,1128.5,17,,
Data,2258,1129,17,,
Data,2259,1129.5,17,,
Data,2260,1130,17,,
Data,2261,1130.5,17,,
Data,2262,1131,17,,
Data,2263,1131.5,17,,
Data,2264,1132,17,,
Data,2265,1132.5,17,,
Data,2266,1133,17,,
Data,2267,1133.5,17,,
Data,2268,1134,17,,
Data,2269,1134.5,17,,
Data,2270,1135,17,,
Data,2271,1135.5,17,,
Data,2272,1136,17,,
Data,2273,1136.5,17,,
Data,2274,1137,17,,
Data,2275,1137.5,17,,
Data,2276,1138,17,,
Data,2277,1138.5,17,,
Data,2278,1139,17,,
Data,2279,1139.5,17,,
Data,2280,1140,17,,
Data,2281,1140.5,17,,
Data,2282,1141,17,,
Data,2283,1141.5,17,,
Data,2284,1142,17,,
Data,2285,1142.5,17,,
Data,2286,1143,17,,
Data,2287,1143.5,17,,
Data,2288,1144,17,,
Data,2289,1144.5,17,,
Data,2290,1145,17,,
Data,2291,1145.5,17,,
Data,2292,1146,17,,
Data,2293,1146.5,17,,
Data,2294,1147,17,,
Data,2295,1147.5,17,,
Data,2296,1148,17,,
Data,2297,1148.5,17,,
Data,2298,1149,17,,
Data,2299,1149.5,17,,
Data,2300,1150,17,,
Data,2301,1150.5,17,,
Data,2302,1151,17,,
Data,2303,1151.5,17,,
Data,2304,1152,17,,
Data,2305,1152.5,17,,
Data,2306,1153,17,,
Data,2307,1153.5,17,,
Data,2308,1154,17,,
Data,2309,1154.5,17,,
Data,2310,1155,17,,
Data,2311,1155.5,17,,
Data,2312,1156,17,,
Data,2313,1156.5,17,,
Data,2314,1157,17,,
Data,2315,1157.5,17,,
Data,2316,1158,17,,
Data,2317,1158.5,17,,
Data,2318,1159,17,,
Data,2319,1159.5,17,,
Data,2320,1160,17,,
Data,2321,1160.5,17,,
Data,2322,1161,17,,
Data,2323,1161.5,17,,
Data,2324,1162,17,,
Data,2325,1162.5,17,,
Data,2326,1163,17,,
Data,2327,1163.5,17,,
Data,2328,1164,17,,
Data,2329,1164.5,17,,
Data,2330,1165,17,,
Data,2331,1165.5,17,,
Data,2332,1166,17,,
Data,2333,1166.5,17,,
Data,2334,1167,17,,
Data,2335,1167.5,17,,
Data,2336,1168,17,,
Data,2337,1168.5,17,,
Data,2338,1169,17,,
Data,2339,1169.5,17,,
Data,2340,1170,17,,
Data,2341,1170.5,17,,
Data,2342,1171,17,,
Data,2343,1171.5,17,,
Data,2344,1172,17,,
Data,2345,1172.5,17,,
Data,2346,1173,17,,
Data,2347,1173.5,17,,
Data,2348,1174,17,,
Data,2349,1174.5,17,,
Data,2350,1175,17,,
Data,2351,1175.5,17,,
Data,2352,1176,17,,
Data,2353,1176.5,17,,
Data,2354,1177,17,,
Data,2355,1177.5,17,,
Data,2356,1178,17,,
Data,2357,1178.5,17,,
Data,2358,1179,17,,
Data,2359,1179.5,17,,
Data,2360,1180,17,,
Data,2361,1180.5,17,,
Data,2362,1181,17,,
Data,2363,1181.5,17,,
Data,2364,1182,17,,
Data,2365,1182.5,17,,
Data,2366,1183,17,,
Data,2367,1183.5,17,,
Data,2368,1184,17,,
Data,2369,1184.5,17,,
Data,2370,1185,17,,
Data,2371,1185.5,17,,
Data,2372,1186,17,,
Data,2373,1186.5,17,,
Data,2374,1187,17,,
Data,2375,1187.5,17,,
Data,2376,1188,17,,
Data,2377,1188.5,17,,
Data,2378,1189,17,,
Data,2379,1189.5,17,,
Data,2380,1190,17,,
Data,2381,1190.5,17,,
Data,2382,1191,17,,
Data,2383,1191.5,17,,
Data,2384,1192,17,,
Data,2385,1192.5,17,,
Data,2386,1193,17,,
Data,2387,1193.5,17,,
Data,2388,1194,17,,
Data,2389,1194.5,17,,
Data,2390,1195,17,,
Data,2391,1195.5,17,,
Data,2392,1196,17,,
Data,2393,1196.5,17,,
Data,2394,1197,17,,
Data,2395,1197.5,17,,
Data,2396,1198,17,,
Data,2397,1198.5,17,,
Data,2398,1199,17,,
Data,2399,1199.5,17,,
Data,2400,1200,17,,
Data,2401,1200.5,17,,
Data,2402,1201,17,,
Data,2403,1201.5,17,,
Data,2404,1202,17,,
Data,2405,1202.5,17,,
Data,2406,1203,17,,
Data,2407,1203.5,17,,
Data,2408,1204,17,,
Data,2409,1204.5,17,,
Data,2410,1205,17,,
Data,2411,1205.5,17,,
Data,2412,1206,17,,
Data,2413,1206.5,17,,
Data,2414,1207,17,,
Data,2415,1207.5,17,,
Data,2416,1208,17,,
Data,2417,1208.5,17,,
Data,2418,1209,17,,
Data,2419,1209.5,17,,
Data,2420,1210,17,,
Data,2421,1210.5,17,,
Data,2422,1211,17,,
Data,2423,1211.5,17,,
Data,2424,1212,17,,
Data,2425,1212.5,17,,
Data,2426,1213,17,,
Data,2427,1213.5,17,,
Data,2428,1214,17,,
Data,2429,1214.5,17,,
Data,2430,1215,17,,
Data,2431,1215.5,17,,
Data,2432,1216,17,,
Data,2433,1216.5,17,,
Data,2434,1217,17,,
Data,2435,1217.5,17,,
Data,2436,1218,17,,
Data,2437,1218.5,17,,
Data,2438,1219,17,,
Data,2439,1219.5,17,,
Data,2440,1220,17,,
Data,2441,1220.5,17,,
Data,2442,1221,17,,
Data,2443,1221.5,17,,
Data,2444,1222,17,,
Data,2445,1222.5,17,,
Data,2446,1223,17,,
Data,2447,1223.5,17,,
Data,2448,1224,17,,
Data,2449,1224.5,17,,
Data,2450,1225,17,,
Data,2451,1225.5,17,,
Data,2452,1226,17,,
Data,2453,1226.5,17,,
Data,2454,1227,17,,
Data,2455,1227.5,17,,
Data,2456,1228,17,,
Data,2457,1228.5,17,,
Data,2458,1229,17,,
Data,2459,1229.5,17,,
Data,2460,1230,17,,
Data,2461,1230.5,17,,
Data,2462,1231,17,,
Data,2463,1231.5,17,,
Data,2464,1232,17,,
Data,2465,1232.5,17,,
Data,2466,1233,17,,
Data,2467,1233.5,17,,
Data,2468,1234,17,,
Data,2469,1234.5,17,,
Data,2470,1235,17,,
Data,2471,1235.5,17,,
Data,2472,1236,17,,
Data,2473,1236.5,17,,
Data,2474,1237,17,,
Data,2475,1237.5,17,,
Data,2476,1238,17,,
Data,2477,1238.5,17,,
Data,2478,1239,17,,
Data,2479,1239.5,17,,
Data,2480,1240,17,,
Data,2481,1240.5,17,,
Data,2482,1241,17,,
Data,2483,1241.5,17,,
Data,2484,1242,17,,
Data,2485,1242.5,17,,
Data,2486,1243,17,,
Data,2487,1243.5,17,,
Data,2488,1244,17,,
Data,2489,1244.5,17,,
Data,2490,1245,17,,
Data,2491,1245.5,17,,
Data,2492,1246,17,,
Data,2493,1246.5,17,,
Data,2494,1247,17,,
Data,2495,1247.5,17,,
Data,2496,1248,17,,
Data,2497,1248.5,17,,
Data,2498,1249,17,,
Data,2499,1249.5,17,,
Data,2500,1250,17,,
Data,2501,1250.5,17,,
Data,2502,1251,17,,
Data,2503,1251.5,17,,
Data,2504,1252,17,,
Data,2505,1252.5,17,,
Data,2506,1253,17,,
Data,2507,1253.5,17,,
Data,2508,1254,17,,
Data,2509,1254.5,17,,
Data,2510,1255,17,,
Data,2511,1255.5,17,,
Data,2512,1256,17,,
Data,2513,1256.5,17,,
Data,2514,1257,17,,
Data,2515,1257.5,17,,
Data,2516,1258,17,,
Data,2517,1258.5,17,,
Data,2518,1259,17,,
Data,2519,1259.5,17,,
Data,2520,1260,17,,
Data,2521,1260.5,17,,
Data,2522,1261,17,,
Data,2523,1261.5,17,,
Data,2524,1262,17,,
Data,2525,1262.5,17,,
Data,2526,1263,17,,
Data,2527,1263.5,17,,
Data,2528,1264,17,,
Data,2529,1264.5,17,,
Data,2530,1265,17,,
Data,2531,1265.5,17,,
Data,2532,1266,17,,
Data,2533,1266.5,17,,
Data,2534,1267,17,,
Data,2535,1267.5,17,,
Data,2536,1268,17,,
Data,2537,1268.5,17,,
Data,2538,1269,17,,
Data,2539,1269.5,17,,
Data,2540,1270,17,,
Data,2541,1270.5,17,,
Data,2542,1271,17,,
Data,2543,1271.5,17,,
Data,2544,1272,17,,
Data,2545,1272.5,17,,
Data,2546,1273,17,,
Data,2547,1273.5,17,,
Data,2548,1274,17,,
Data,2549,1274.5,17,,
Data,2550,1275,17,,
Data,2551,1275.5,17,,
Data,2552,1276,17,,
Data,2553,1276.5,17,,
Data,2554,1277,17,,
Data,2555,1277.5,17,,
Data,2556,1278,17,,
Data,2557,1278.5,17,,
Data,2558,1279,17,,
Data,2559,1279.5,17,,
Data,2560,1280,17,,
Data,2561,1280.5,17,,
Data,2562,1281,17,,
Data,2563,1281.5,17,,
Data,2564,1282,17,,
Data,2565,1282.5,17,,
Data,2566,1283,17,,
Data,2567,1283.5,17,,
Data,2568,1284,17,,
Data,2569,1284.5,17,,
Data,2570,1285,17,,
Data,2571,1285.5,17,,
Data,2572,1286,17,,
Data,2573,1286.5,17,,
Data,2574,1287,17,,
Data,2575,1287.5,17,,
Data,2576,1288,17,,
Data,2577,1288.5,17,,
Data,2578,1289,17,,
Data,2579,1289.5,17,,
Data,2580,1290,17,,
Data,2581,1290.5,17,,
Data,2582,1291,17,,
Data,2583,1291.5,17,,
Data,2584,1292,17,,
Data,2585,1292.5,17,,
Data,2586,1293,17,,
Data,2587,1293.5,17,,
Data,2588,1294,17,,
Data,2589,1294.5,17,,
Data,2590,1295,17,,
Data,2591,1295.5,17,,
Data,2592,1296,17,,
Data,2593,1296.5,17,,
Data,2594,1297,17,,
Data,2595,1297.5,17,,
Data,2596,1298,17,,
Data,2597,1298.5,17,,
Data,2598,1299,17,,
Data,2599,1299.5,17,,
Data,2600,1300,17,,
Data,2601,1300.5,17,,
Data,2602,1301,17,,
Data,2603,1301.5,17,,
Data,2604,1302,17,,
Data,2605,1302.5,17,,
Data,2606,1303,17,,
Data,2607,1303.5,17,,
Data,2608,1304,17,,
Data,2609,1304.5,17,,
Data,2610,1305,17,,
Data,2611,1305.5,17,,
Data,2612,1306,17,,
Data,2613,1306.5,17,,
Data,2614,1307,17,,
Data,2615,1307.5,17,,
Data,2616,1308,17,,
Data,2617,1308.5,17,,
Data,2618,1309,17,,
Data,2619,1309.5,17,,
Data,2620,1310,17,,
Data,2621,1310.5,17,,
Data,2622,1311,17,,
Data,2623,1311.5,17,,
Data,2624,1312,17,,
Data,2625,1312.5,17,,
Data,2626,1313,17,,
Data,2627,1313.5,17,,
Data,2628,1314,17,,
Data,2629,1314.5,17,,
Data,2630,1315,17,,
Data,2631,1315.5,17,,
Data,2632,1316,17,,
Data,2633,1316.5,17,,
Data,2634,1317,17,,
Data,2635,1317.5,17,,
Data,2636,1318,17,,
Data,2637,1318.5,17,,
Data,2638,1319,17,,
Data,2639,1319.5,17,,
Data,2640,1320,17,,
Data,2641,1320.5,17,,
Data,2642,1321,17,,
Data,2643,1321.5,17,,
Data,2644,1322,17,,
Data,2645,1322.5,17,,
Data,2646,1323,17,,
Data,2647,1323.5,17,,
Data,2648,1324,17,,
Data,2649,1324.5,17,,
Data,2650,1325,17,,
Data,2651,1325.5,17,,
Data,2652,1326,17,,
Data,2653,1326.5,17,,
Data,2654,1327,17,,
Data,2655,1327.5,17,,
Data,2656,1328,17,,
Data,2657,1328.5,17,,
Data,2658,1329,17,,
Data,2659,1329.5,17,,
Data,2660,1330,17,,
Data,2661,1330.5,17,,
Data,2662,1331,17,,
Data,2663,1331.5,17,,
Data,2664,1332,17,,
Data,2665,1332.5,17,,
Data,2666,1333,17,,
Data,2667,1333.5,17,,
Data,2668,1334,17,,
Data,2669,1334.5,17,,
Data,2670,1335,17,,
Data,2671,1335.5,17,,
Data,2672,1336,17,,
Data,2673,1336.5,17,,
Data,2674,1337,17,,
Data,2675,1337.5,17,,
Data,2676,1338,17,,
Data,2677,1338.5,17,,
Data,2678,1339,17,,
Data,2679,1339.5,17,,
Data,2680,1340,17,,
Data,2681,1340.5,17,,
Data,2682,1341,17,,
Data,2683,1341.5,17,,
Data,2684,1342,17,,
Data,2685,1342.5,17,,
Data,2686,1343,17,,
Data,2687,1343.5,17,,
Data,2688,1344,17,,
Data,2689,1344.5,17,,
Data,2690,1345,17,,
Data,2691,1345.5,17,,
Data,2692,1346,17,,
Data,2693,1346.5,17,,
Data,2694,1347,17,,
Data,2695,1347.5,17,,
Data,2696,1348,17,,
Data,2697,1348.5,17,,
Data,2698,1349,17,,
Data,2699,1349.5,17,,
Data,2700,1350,17,,
Data,2701,1350.5,17,,
Data,2702,1351,17,,
Data,2703,1351.5,17,,
Data,2704,1352,17,,
Data,2705,1352.5,17,,
Data,2706,1353,17,,
Data,2707,1353.5,17,,
Data,2708,1354,17,,
Data,2709,1354.5,17,,
Data,2710,1355,17,,
Data,2711,1355.5,17,,
Data,2712,1356,17,,
Data,2713,1356.5,17,,
Data,2714,1357,17,,
Data,2715,1357.5,17,,
Data,2716,1358,17,,
Data,2717,1358.5,17,,
Data,2718,1359,17,,
Data,2719,1359.5,17,,
Data,2720,1360,17,,
Data,2721,1360.5,17,,
Data,2722,1361,17,,
Data,2723,1361.5,17,,
Data,2724,1362,17,,
Data,2725,1362.5,17,,
Data,2726,1363,17,,
Data,2727,1363.5,17,,
Data,2728,1364,17,,
Data,2729,1364.5,17,,
Data,2730,1365,17,,
Data,2731,1365.5,17,,
Data,2732,1366,17,,
Data,2733,1366.5,17,,
Data,2734,1367,17,,
Data,2735,1367.5,17,,
Data,2736,1368,17,,
Data,2737,1368.5,17,,
Data,2738,1369,17,,
Data,2739,1369.5,17,,
Data,2740,1370,17,,
Data,2741,1370.5,17,,
Data,2742,1371,17,,
Data,2743,1371.5,17,,
Data,2744,1372,17,,
Data,2745,1372.5,17,,
Data,2746,1373,17,,
Data,2747,1373.5,17,,
Data,2748,1374,17,,
Data,2749,1374.5,17,,
Data,2750,1375,17,,
Data,2751,1375.5,17,,
Data,2752,1376,17,,
Data,2753,1376.5,17,,
Data,2754,1377,17,,
Data,2755,1377.5,17,,
Data,2756,1378,17,,
Data,2757,1378.5,17,,
Data,2758,1379,17,,
Data,2759,1379.5,17,,
Data,2760,1380,17,,
Data,2761,1380.5,17,,
Data,2762,1381,17,,
Data,2763,1381.5,17,,
Data,2764,1382,17,,
Data,2765,1382.5,17,,
Data,2766,1383,17,,
Data,2767,1383.5,17,,
Data,2768,1384,17,,
Data,2769,1384.5,17,,
Data,2770,1385,17,,
Data,2771,1385.5,17,,
Data,2772,1386,17,,
Data,2773,1386.5,17,,
Data,2774,1387,17,,
Data,2775,1387.5,17,,
Data,2776,1388,17,,
Data,2777,1388.5,17,,
Data,2778,1389,17,,
Data,2779,1389.5,17,,
Data,2780,1390,17,,
Data,2781,1390.5,17,,
Data,2782,1391,17,,
Data,2783,1391.5,17,,
Data,2784,1392,17,,
Data,2785,1392.5,17,,
Data,2786,1393,17,,
Data,2787,1393.5,17,,
Data,2788,1394,17,,
Data,2789,1394.5,17,,
Data,2790,1395,17,,
Data,2791,1395.5,17,,
Data,2792,1396,17,,
Data,2793,1396.5,17,,
Data,2794,1397,17,,
Data,2795,1397.5,17,,
Data,2796,1398,17,,
Data,2797,1398.5,17,,
Data,2798,1399,17,,
Data,2799,1399.5,17,,
Data,2800,1400,17,,
Data,2801,1400.5,17,,
Data,2802,1401,17,,
Data,2803,1401.5,17,,
Data,2804,1402,17,,
Data,2805,1402.5,17,,
Data,2806,1403,17,,
Data,2807,1403.5,17,,
Data,2808,1404,17,,
Data,2809,1404.5,17,,
Data,2810,1405,17,,
Data,2811,1405.5,17,,
Data,2812,1406,17,,
Data,2813,1406.5,17,,
Data,2814,1407,17,,
Data,2815,1407.5,17,,
Data,2816,1408,17,,
Data,2817,1408.5,17,,
Data,2818,1409,17,,
Data,2819,1409.5,17,,
Data,2820,1410,17,,
Data,2821,1410.5,17,,
Data,2822,1411,17,,
Data,2823,1411.5,17,,
Data,2824,1412,17,,
Data,2825,1412.5,17,,
Data,2826,1413,17,,
Data,2827,1413.5,17,,
Data,2828,1414,17,,
Data,2829,1414.5,17,,
Data,2830,1415,17,,
Data,2831,1415.5,17,,
Data,2832,1416,17,,
Data,2833,1416.5,17,,
Data,2834,1417,17,,
Data,2835,1417.5,17,,
Data,2836,1418,17,,
Data,2837,1418.5,17,,
Data,2838,1419,17,,
Data,2839,1419.5,17,,
Data,2840,1420,17,,
Data,2841,1420.5,17,,
Data,2842,1421,17,,
Data,2843,1421.5,17,,
Data,2844,1422,17,,
Data,2845,1422.5,17,,
Data,2846,1423,17,,
Data,2847,1423.5,17,,
Data,2848,1424,17,,
Data,2849,1424.5,17,,
Data,2850,1425,17,,
Data,2851,1425.5,17,,
Data,2852,1426,17,,
Data,2853,1426.5,17,,
Data,2854,1427,17,,
Data,2855,1427.5,17,,
Data,2856,1428,17,,
Data,2857,1428.5,17,,
Data,2858,1429,17,,
Data,2859,1429.5,17,,
Data,2860,1430,17,,
Data,2861,1430.5,17,,
Data,2862,1431,17,,
Data,2863,1431.5,17,,
Data,2864,1432,17,,
Data,2865,1432.5,17,,
Data,2866,1433,17,,
Data,2867,1433.5,17,,
Data,2868,1434,17,,
Data,2869,1434.5,17,,
Data,2870,1435,17,,
Data,2871,1435.5,17,,
Data,2872,1436,17,,
Data,2873,1436.5,17,,
Data,2874,1437,17,,
Data,2875,1437.5,17,,
Data,2876,1438,17,,
Data,2877,1438.5,17,,
Data,2878,1439,17,,
Data,2879,1439.5,17,,
Data,2880,1440,17,,
Data,2881,1440.5,17,,
Data,2882,1441,17,,
Data,2883,1441.5,17,,
Data,2884,1442,17,,
Data,2885,1442.5,17,,
Data,2886,1443,17,,
Data,2887,1443.5,17,,
Data,2888,1444,17,,
Data,2889,1444.5,17,,
Data,2890,1445,17,,
Data,2891,1445.5,17,,
Data,2892,1446,17,,
Data,2893,1446.5,17,,
Data,2894,1447,17,,
Data,2895,1447.5,17,,
Data,2896,1448,17,,
Data,2897,1448.5,17,,
Data,2898,1449,17,,
Data,2899,1449.5,17,,
Data,2900,1450,17,,
Data,2901,1450.5,17,,
Data,2902,1451,17,,
Data,2903,1451.5,17,,
Data,2904,1452,17,,
Data,2905,1452.5,17,,
Data,2906,1453,17,,
Data,2907,1453.5,17,,
Data,2908,1454,17,,
Data,2909,1454.5,17,,
Data,2910,1455,17,,
Data,2911,1455.5,17,,
Data,2912,1456,17,,
Data,2913,1456.5,17,,
Data,2914,1457,17,,
Data,2915,1457.5,17,,
Data,2916,1458,17,,
Data,2917,1458.5,17,,
Data,2918,1459,17,,
Data,2919,1459.5,17,,
Data,2920,1460,17,,
Data,2921,1460.5,17,,
Data,2922,1461,17,,
Data,2923,1461.5,17,,
Data,2924,1462,17,,
Data,2925,1462.5,17,,
Data,2926,1463,17,,
Data,2927,1463.5,17,,
Data,2928,1464,17,,
Data,2929,1464.5,17,,
Data,2930,1465,17,,
Data,2931,1465.5,17,,
Data,2932,1466,17,,
Data,2933,1466.5,17,,
Data,2934,1467,17,,
Data,2935,1467.5,17,,
Data,2936,1468,17,,
Data,2937,1468.5,17,,
Data,2938,1469,17,,
Data,2939,1469.5,17,,
Data,2940,1470,17,,
Data,2941,1470.5,17,,
Data,2942,1471,17,,
Data,2943,1471.5,17,,
Data,2944,1472,17,,
Data,2945,1472.5,17,,
Data,2946,1473,17,,
Data,2947,1473.5,17,,
Data,2948,1474,17,,
Data,2949,1474.5,17,,
Data,2950,1475,17,,
Data,2951,1475.5,17,,
Data,2952,1476,17,,
Data,2953,1476.5,17,,
Data,2954,1477,17,,
Data,2955,1477.5,17,,
Data,2956,1478,17,,
Data,2957,1478.5,17,,
Data,2958,1479,17,,
Data,2959,1479.5,17,,
Data,2960,1480,17,,
Data,2961,1480.5,17,,
Data,2962,1481,17,,
Data,2963,1481.5,17,,
Data,2964,1482,17,,
Data,2965,1482.5,17,,
Data,2966,1483,17,,
Data,2967,1483.5,17,,
Data,2968,1484,17,,
Data,2969,1484.5,17,,
Data,2970,1485,17,,
Data,2971,1485.5,17,,
Data,2972,1486,17,,
Data,2973,1486.5,17,,
Data,2974,1487,17,,
Data,2975,1487.5,17,,
Data,2976,1488,17,,
Data,2977,1488.5,17,,
Data,2978,1489,17,,
Data,2979,1489.5,17,,
Data,2980,1490,17,,
Data,2981,1490.5,17,,
Data,2982,1491,17,,
Data,2983,1491.5,17,,
Data,2984,1492,17,,
Data,2985,1492.5,17,,
Data,2986,1493,17,,
Data,2987,1493.5,17,,
Data,2988,1494,17,,
Data,2989,1494.5,17,,
Data,2990,1495,17,,
Data,2991,1495.5,17,,
Data,2992,1496,17,,
Data,2993,1496.5,17,,
Data,2994,1497,17,,
Data,2995,1497.5,17,,
Data,2996,1498,17,,
Data,2997,1498.5,17,,
Data,2998,1499,17,,
Data,2999,1499.5,17,,
Data,3000,1500,17,,
Data,3001,1500.5,17,,
Data,3002,1501,17,,
Data,3003,1501.5,17,,
Data,3004,1502,17,,
Data,3005,1502.5,17,,
Data,3006,1503,17,,
Data,3007,1503.5,17,,
Data,3008,1504,17,,
Data,3009,1504.5,17,,
Data,3010,1505,17,,
Data,3011,1505.5,17,,
Data,3012,1506,17,,
Data,3013,1506.5,17,,
Data,3014,1507,17,,
Data,3015,1507.5,17,,
Data,3016,1508,17,,
Data,3017,1508.5,17,,
Data,3018,1509,17,,
Data,3019,1509.5,17,,
Data,3020,1510,17,,
Data,3021,1510.5,17,,
Data,3022,1511,17,,
Data,3023,1511.5,17,,
Data,3024,1512,17,,
Data,3025,1512.5,17,,
Data,3026,1513,17,,
Data,3027,1513.5,17,,
Data,3028,1514,17,,
Data,3029,1514.5,17,,
Data,3030,1515,17,,
Data,3031,1515.5,17,,
Data,3032,1516,17,,
Data,3033,1516.5,17,,
Data,3034,1517,17,,
Data,3035,1517.5,17,,
Data,3036,1518,17,,
Data,3037,1518.5,17,,
Data,3038,1519,17,,
Data,3039,1519.5,17,,
Data,3040,1520,17,,
Data,3041,1520.5,17,,
Data,3042,1521,17,,
Data,3043,1521.5,17,,
Data,3044,1522,17,,
Data,3045,1522.5,17,,
Data,3046,1523,17,,
Data,3047,1523.5,17,,
Data,3048,1524,17,,
Data,3049,1524.5,17,,
Data,3050,1525,17,,
Data,3051,1525.5,17,,
Data,3052,1526,17,,
Data,3053,1526.5,17,,
Data,3054,1527,17,,
Data,3055,1527.5,17,,
Data,3056,1528,17,,
Data,3057,1528.5,17,,
Data,3058,1529,17,,
Data,3059,1529.5,17,,
Data,3060,1530,17,,
Data,3061,1530.5,17,,
Data,3062,1531,17,,
Data,3063,1531.5,17,,
Data,3064,1532,17,,
Data,3065,1532.5,17,,
Data,3066,1533,17,,
Data,3067,1533.5,17,,
Data,3068,1534,17,,
Data,3069,1534.5,17,,
Data,3070,1535,17,,
Data,3071,1535.5,17,,
Data,3072,1536,17,,
Data,3073,1536.5,17,,
Data,3074,1537,17,,
Data,3075,1537.5,17,,
Data,3076,1538,17,,
Data,3077,1538.5,17,,
Data,3078,1539,17,,
Data,3079,1539.5,17,,
Data,3080,1540,17,,
Data,3081,1540.5,17,,
Data,3082,1541,17,,
Data,3083,1541.5,17,,
Data,3084,1542,17,,
Data,3085,1542.5,17,,
Data,3086,1543,17,,
Data,3087,1543.5,17,,
Data,3088,1544,17,,
Data,3089,1544.5,17,,
Data,3090,1545,17,,
Data,3091,1545.5,17,,
Data,3092,1546,17,,
Data,3093,1546.5,17,,
Data,3094,1547,17,,
Data,3095,1547.5,17,,
Data,3096,1548,17,,
Data,3097,1548.5,17,,
Data,3098,1549,17,,
Data,3099,1549.5,17,,
Data,3100,1550,17,,
Data,3101,1550.5,17,,
Data,3102,1551,17,,
Data,3103,1551.5,17,,
Data,3104,1552,17,,
Data,3105,1552.5,17,,
Data,3106,1553,17,,
Data,3107,1553.5,17,,
Data,3108,1554,17,,
Data,3109,1554.5,17,,
Data,3110,1555,17,,
Data,3111,1555.5,17,,
Data,3112,1556,17,,
Data,3113,1556.5,17,,
Data,3114,1557,17,,
Data,3115,1557.5,17,,
Data,3116,1558,17,,
Data,3117,1558.5,17,,
Data,3118,1559,17,,
Data,3119,1559.5,17,,
Data,3120,1560,17,,
Data,3121,1560.5,17,,
Data,3122,1561,17,,
Data,3123,1561.5,17,,
Data,3124,1562,17,,
Data,3125,1562.5,17,,
Data,3126,1563,17,,
Data,3127,1563.5,17,,
Data,3128,1564,17,,
Data,3129,1564.5,17,,
Data,3130,1565,17,,
Data,3131,1565.5,17,,
Data,3132,1566,17,,
Data,3133,1566.5,17,,
Data,3134,1567,17,,
Data,3135,1567.5,17,,
Data,3136,1568,17,,
Data,3137,1568.5,17,,
Data,3138,1569,17,,
Data,3139,1569.5,17,,
Data,3140,1570,17,,
Data,3141,1570.5,17,,
Data,3142,1571,17,,
Data,3143,1571.5,17,,
Data,3144,1572,17,,
Data,3145,1572.5,17,,
Data,3146,1573,17,,
Data,3147,1573.5,17,,
Data,3148,1574,17,,
Data,3149,1574.5,17,,
Data,3150,1575,17,,
Data,3151,1575.5,17,,
Data,3152,1576,17,,
Data,3153,1576.5,17,,
Data,3154,1577,17,,
Data,3155,1577.5,17,,
Data,3156,1578,17,,
Data,3157,1578.5,17,,
Data,3158,1579,17,,
Data,3159,1579.5,17,,
Data,3160,1580,17,,
Data,3161,1580.5,17,,
Data,3162,1581,17,,
Data,3163,1581.5,17,,
Data,3164,1582,17,,
Data,3165,1582.5,17,,
Data,3166,1583,17,,
Data,3167,1583.5,17,,
Data,3168,1584,17,,
Data,3169,1584.5,17,,
Data,3170,1585,17,,
Data,3171,1585.5,17,,
Data,3172,1586,17,,
Data,3173,1586.5,17,,
Data,3174,1587,17,,
Data,3175,1587.5,17,,
Data,3176,1588,17,,
Data,3177,1588.5,17,,
Data,3178,1589,17,,
Data,3179,1589.5,17,,
Data,3180,1590,17,,
Data,3181,1590.5,17,,
Data,3182,1591,17,,
Data,3183,1591.5,17,,
Data,3184,1592,17,,
Data,3185,1592.5,17,,
Data,3186,1593,17,,
Data,3187,1593.5,17,,
Data,3188,1594,17,,
Data,3189,1594.5,17,,
Data,3190,1595,17,,
Data,3191,1595.5,17,,
Data,3192,1596,17,,
Data,3193,1596.5,17,,
Data,3194,1597,17,,
Data,3195,1597.5,17,,
Data,3196,1598,17,,
Data,3197,1598.5,17,,
Data,3198,1599,17,,
Data,3199,1599.5,17,,
Data,3200,1600,17,,
Data,3201,1600.5,17,,
Data,3202,1601,17,,
Data,3203,1601.5,17,,
Data,3204,1602,17,,
Data,3205,1602.5,17,,
Data,3206,1603,17,,
Data,3207,1603.5,17,,
Data,3208,1604,17,,
Data,3209,1604.5,17,,
Data,3210,1605,17,,
Data,3211,1605.5,17,,
Data,3212,1606,17,,
Data,3213,1606.5,17,,
Data,3214,1607,17,,
Data,3215,1607.5,17,,
Data,3216,1608,17,,
Data,3217,1608.5,17,,
Data,3218,1609,17,,
Data,3219,1609.5,17,,
Data,3220,1610,17,,
Data,3221,1610.5,17,,
Data,3222,1611,17,,
Data,3223,1611.5,17,,
Data,3224,1612,17,,
Data,3225,1612.5,17,,
Data,3226,1613,17,,
Data,3227,1613.5,17,,
Data,3228,1614,17,,
Data,3229,1614.5,17,,
Data,3230,1615,17,,
Data,3231,1615.5,17,,
Data,3232,1616,17,,
Data,3233,1616.5,17,,
Data,3234,1617,17,,
Data,3235,1617.5,17,,
Data,3236,1618,17,,
Data,3237,1618.5,17,,
Data,3238,1619,17,,
Data,3239,1619.5,17,,
Data,3240,1620,17,,
Data,3241,1620.5,17,,
Data,3242,1621,17,,
Data,3243,1621.5,17,,
Data,3244,1622,17,,
Data,3245,1622.5,17,,
Data,3246,1623,17,,
Data,3247,1623.5,17,,
Data,3248,1624,17,,
Data,3249,1624.5,17,,
Data,3250,1625,17,,
Data,3251,1625.5,17,,
Data,3252,1626,17,,
Data,3253,1626.5,17,,
Data,3254,1627,17,,
Data,3255,1627.5,17,,
Data,3256,1628,17,,
Data,3257,1628.5,17,,
Data,3258,1629,17,,
Data,3259,1629.5,17,,
Data,3260,1630,17,,
Data,3261,1630.5,17,,
Data,3262,1631,17,,
Data,3263,1631.5,17,,
Data,3264,1632,17,,
Data,3265,1632.5,17,,
Data,3266,1633,17,,
Data,3267,1633.5,17,,
Data,3268,1634,17,,
Data,3269,1634.5,17,,
Data,3270,1635,17,,
Data,3271,1635.5,17,,
Data,3272,1636,17,,
Data,3273,1636.5,17,,
Data,3274,1637,17,,
Data,3275,1637.5,17,,
Data,3276,1638,17,,
Data,3277,1638.5,17,,
Data,3278,1639,17,,
Data,3279,1639.5,17,,
Data,3280,1640,17,,
Data,3281,1640.5,17,,
Data,3282,1641,17,,
Data,3283,1641.5,17,,
Data,3284,1642,17,,
Data,3285,1642.5,17,,
Data,3286,1643,17,,
Data,3287,1643.5,17,,
Data,3288,1644,17,,
Data,3289,1644.5,17,,
Data,3290,1645,17,,
Data,3291,1645.5,17,,
Data,3292,1646,17,,
Data,3293,1646.5,17,,
Data,3294,1647,17,,
Data,3295,1647.5,17,,
Data,3296,1648,17,,
Data,3297,1648.5,17,,
Data,3298,1649,17,,
Data,3299,1649.5,17,,
Data,3300,1650,17,,
Data,3301,1650.5,17,,
Data,3302,1651,17,,
Data,3303,1651.5,17,,
Data,3304,1652,17,,
Data,3305,1652.5,17,,
Data,3306,1653,17,,
Data,3307,1653.5,17,,
Data,3308,1654,17,,
Data,3309,1654.5,17,,
Data,3310,1655,17,,
Data,3311,1655.5,17,,
Data,3312,1656,17,,
Data,3313,1656.5,17,,
Data,3314,1657,17,,
Data,3315,1657.5,17,,
Data,3316,1658,17,,
Data,3317,1658.5,17,,
Data,3318,1659,17,,
Data,3319,1659.5,17,,
Data,3320,1660,17,,
Data,3321,1660.5,17,,
Data,3322,1661,17,,
Data,3323,1661.5,17,,
Data,3324,1662,17,,
Data,3325,1662.5,17,,
Data,3326,1663,17,,
Data,3327,1663.5,17,,